"Age (years b2k)","d18O GISP2 (‰)","Age BP (SEAD)"
50,"NaN",0
100,"NaN",50
100,-34.97,50
150,-34.97,100
150,-35.17,100
200,-35.17,150
200,-35.16,150
250,-35.16,200
250,-35.24,200
300,-35.24,250
300,-34.96,250
350,-34.96,300
350,-35.26,300
400,-35.26,350
400,-35.05,350
450,-35.05,400
450,-35.18,400
500,-35.18,450
500,-35.14,450
550,-35.14,500
550,-34.84,500
600,-34.84,550
600,-35.24,550
650,-35.24,600
650,-35.04,600
700,-35.04,650
700,-35,650
750,-35,700
750,-34.91,700
800,-34.91,750
800,-35.32,750
850,-35.32,800
850,-34.59,800
900,-34.59,850
900,-34.99,850
950,-34.99,900
950,-34.9,900
1000,-34.9,950
1000,-34.54,950
1050,-34.54,1000
1050,-34.62,1000
1100,-34.62,1050
1100,-35.1,1050
1150,-35.1,1100
1150,-35.35,1100
1200,-35.35,1150
1200,-35.04,1150
1250,-35.04,1200
1250,-35.07,1200
1300,-35.07,1250
1300,-35.13,1250
1350,-35.13,1300
1350,-35,1300
1400,-35,1350
1400,"NaN",1350
1450,"NaN",1400
1450,-34.73,1400
1500,-34.73,1450
1500,-34.93,1450
1550,-34.93,1500
1550,-34.4,1500
1600,-34.4,1550
1600,"NaN",1550
1650,"NaN",1600
1650,-34.79,1600
1700,-34.79,1650
1700,-34.52,1650
1750,-34.52,1700
1750,-35.09,1700
1800,-35.09,1750
1800,-35.13,1750
1850,-35.13,1800
1850,-34.72,1800
1900,-34.72,1850
1900,-34.67,1850
1950,-34.67,1900
1950,-34.79,1900
2000,-34.79,1950
2000,-34.42,1950
2050,-34.42,2000
2050,-34.71,2000
2100,-34.71,2050
2100,-34.25,2050
2150,-34.25,2100
2150,-34.76,2100
2200,-34.76,2150
2200,-34.72,2150
2250,-34.72,2200
2250,-34.58,2200
2300,-34.58,2250
2300,-35.11,2250
2350,-35.11,2300
2350,-34.71,2300
2400,-34.71,2350
2400,-34.19,2350
2450,-34.19,2400
2450,-34.95,2400
2500,-34.95,2450
2500,-34.78,2450
2550,-34.78,2500
2550,-34.75,2500
2600,-34.75,2550
2600,-34.71,2550
2650,-34.71,2600
2650,-34.92,2600
2700,-34.92,2650
2700,-35.01,2650
2750,-35.01,2700
2750,-34.56,2700
2800,-34.56,2750
2800,-34.98,2750
2850,-34.98,2800
2850,-34.58,2800
2900,-34.58,2850
2900,-34.71,2850
2950,-34.71,2900
2950,-34.55,2900
3000,-34.55,2950
3000,-35.1,2950
3050,-35.1,3000
3050,-34.8,3000
3100,-34.8,3050
3100,-34.59,3050
3150,-34.59,3100
3150,-34.72,3100
3200,-34.72,3150
3200,-34.65,3150
3250,-34.65,3200
3250,-34.53,3200
3300,-34.53,3250
3300,-34.12,3250
3350,-34.12,3300
3350,-34.73,3300
3400,-34.73,3350
3400,-35.13,3350
3450,-35.13,3400
3450,"NaN",3400
3500,"NaN",3450
3500,-34.38,3450
3550,-34.38,3500
3550,-34.95,3500
3600,-34.95,3550
3600,-34.52,3550
3650,-34.52,3600
3650,-34.58,3600
3700,-34.58,3650
3700,-34.67,3650
3750,-34.67,3700
3750,-34.82,3700
3800,-34.82,3750
3800,-34.82,3750
3850,-34.82,3800
3850,-34.91,3800
3900,-34.91,3850
3900,-34.96,3850
3950,-34.96,3900
3950,-34.98,3900
4000,-34.98,3950
4000,-34.49,3950
4050,-34.49,4000
4050,-34.73,4000
4100,-34.73,4050
4100,-34.41,4050
4150,-34.41,4100
4150,-34.77,4100
4200,-34.77,4150
4200,-34.7,4150
4250,-34.7,4200
4250,-34.64,4200
4300,-34.64,4250
4300,-34.75,4250
4350,-34.75,4300
4350,-35.13,4300
4400,-35.13,4350
4400,-35.01,4350
4450,-35.01,4400
4450,-34.92,4400
4500,-34.92,4450
4500,-34.82,4450
4550,-34.82,4500
4550,-34.87,4500
4600,-34.87,4550
4600,-34.91,4550
4650,-34.91,4600
4650,-35.44,4600
4700,-35.44,4650
4700,-34.63,4650
4750,-34.63,4700
4750,-35.32,4700
4800,-35.32,4750
4800,"NaN",4750
4850,"NaN",4800
4850,-34.57,4800
4900,-34.57,4850
4900,-34.68,4850
4950,-34.68,4900
4950,-34.52,4900
5000,-34.52,4950
5000,-34.75,4950
5050,-34.75,5000
5050,-34.61,5000
5100,-34.61,5050
5100,-34.77,5050
5150,-34.77,5100
5150,-34.43,5100
5200,-34.43,5150
5200,-34.59,5150
5250,-34.59,5200
5250,-34.62,5200
5300,-34.62,5250
5300,-35.05,5250
5350,-35.05,5300
5350,-35.02,5300
5400,-35.02,5350
5400,-35.18,5350
5450,-35.18,5400
5450,-34.73,5400
5500,-34.73,5450
5500,-34.54,5450
5550,-34.54,5500
5550,-34.53,5500
5600,-34.53,5550
5600,-34.53,5550
5650,-34.53,5600
5650,-34.66,5600
5700,-34.66,5650
5700,-34.74,5650
5750,-34.74,5700
5750,-34.8,5700
5800,-34.8,5750
5800,-34.77,5750
5850,-34.77,5800
5850,-34.72,5800
5900,-34.72,5850
5900,-34.72,5850
5950,-34.72,5900
5950,-34.57,5900
6000,-34.57,5950
6000,-34.65,5950
6050,-34.65,6000
6050,-34.77,6000
6100,-34.77,6050
6100,-35.09,6050
6150,-35.09,6100
6150,-34.51,6100
6200,-34.51,6150
6200,-34.84,6150
6250,-34.84,6200
6250,-35.02,6200
6300,-35.02,6250
6300,-34.72,6250
6350,-34.72,6300
6350,-34.79,6300
6400,-34.79,6350
6400,-34.65,6350
6450,-34.65,6400
6450,-34.83,6400
6500,-34.83,6450
6500,-34.83,6450
6550,-34.83,6500
6550,-35.03,6500
6600,-35.03,6550
6600,-34.75,6550
6650,-34.75,6600
6650,-34.68,6600
6700,-34.68,6650
6700,-34.91,6650
6750,-34.91,6700
6750,-34.45,6700
6800,-34.45,6750
6800,-34.17,6750
6850,-34.17,6800
6850,-34.24,6800
6900,-34.24,6850
6900,-34.22,6850
6950,-34.22,6900
6950,-34.61,6900
7000,-34.61,6950
7000,-34.62,6950
7050,-34.62,7000
7050,-35.07,7000
7100,-35.07,7050
7100,-34.85,7050
7150,-34.85,7100
7150,-34.78,7100
7200,-34.78,7150
7200,-35.01,7150
7250,-35.01,7200
7250,-34.98,7200
7300,-34.98,7250
7300,-34.58,7250
7350,-34.58,7300
7350,-34.56,7300
7400,-34.56,7350
7400,-34.44,7350
7450,-34.44,7400
7450,-34.54,7400
7500,-34.54,7450
7500,-35.02,7450
7550,-35.02,7500
7550,-34.62,7500
7600,-34.62,7550
7600,-34.55,7550
7650,-34.55,7600
7650,-34.42,7600
7700,-34.42,7650
7700,-34.26,7650
7750,-34.26,7700
7750,-34.3,7700
7800,-34.3,7750
7800,-34.23,7750
7850,-34.23,7800
7850,-34.38,7800
7900,-34.38,7850
7900,-34.53,7850
7950,-34.53,7900
7950,-34.44,7900
8000,-34.44,7950
8000,-34.69,7950
8050,-34.69,8000
8050,-34.99,8000
8100,-34.99,8050
8100,-35.15,8050
8150,-35.15,8100
8150,-35.35,8100
8200,-35.35,8150
8200,-36.29,8150
8250,-36.29,8200
8250,-35.36,8200
8300,-35.36,8250
8300,-34.6,8250
8350,-34.6,8300
8350,-34.72,8300
8400,-34.72,8350
8400,-34.8,8350
8450,-34.8,8400
8450,-34.71,8400
8500,-34.71,8450
8500,-34.72,8450
8550,-34.72,8500
8550,-34.72,8500
8600,-34.72,8550
8600,-34.56,8550
8650,-34.56,8600
8650,-34.7,8600
8700,-34.7,8650
8700,-34.58,8650
8750,-34.58,8700
8750,-34.35,8700
8800,-34.35,8750
8800,-34.48,8750
8850,-34.48,8800
8850,-34.77,8800
8900,-34.77,8850
8900,-34.13,8850
8950,-34.13,8900
8950,-34.33,8900
9000,-34.33,8950
9000,-34.81,8950
9050,-34.81,9000
9050,-34.53,9000
9100,-34.53,9050
9100,-34.4,9050
9150,-34.4,9100
9150,-34.59,9100
9200,-34.59,9150
9200,-34.73,9150
9250,-34.73,9200
9250,-35.06,9200
9300,-35.06,9250
9300,-34.79,9250
9350,-34.79,9300
9350,-34.31,9300
9400,-34.31,9350
9400,-34.22,9350
9450,-34.22,9400
9450,-34.7,9400
9500,-34.7,9450
9500,-35.31,9450
9550,-35.31,9500
9550,-35.03,9500
9600,-35.03,9550
9600,-34.76,9550
9650,-34.76,9600
9650,-34.49,9600
9700,-34.49,9650
9700,-34.71,9650
9750,-34.71,9700
9750,-34.31,9700
9800,-34.31,9750
9800,-34.69,9750
9850,-34.69,9800
9850,-34.96,9800
9900,-34.96,9850
9900,-35.09,9850
9950,-35.09,9900
9950,-34.74,9900
10000,-34.74,9950
10000,-34.51,9950
10050,-34.51,10000
10050,-34.99,10000
10100,-34.99,10050
10100,-35.41,10050
10150,-35.41,10100
10150,-35.43,10100
10200,-35.43,10150
10200,-34.85,10150
10250,-34.85,10200
10250,-35.53,10200
10300,-35.53,10250
10300,-35.35,10250
10350,-35.35,10300
10350,-35.6,10300
10400,-35.6,10350
10400,-36,10350
10450,-36,10400
10450,-35.74,10400
10500,-35.74,10450
10500,-35.43,10450
10550,-35.43,10500
10550,-35.86,10500
10600,-35.86,10550
10600,-35.71,10550
10650,-35.71,10600
10650,-35.78,10600
10700,-35.78,10650
10700,-35.93,10650
10750,-35.93,10700
10750,-36.24,10700
10800,-36.24,10750
10800,-35.78,10750
10850,-35.78,10800
10850,-35.99,10800
10900,-35.99,10850
10900,-36.47,10850
10950,-36.47,10900
10950,-36.75,10900
11000,-36.75,10950
11000,-36.53,10950
11050,-36.53,11000
11050,-36.29,11000
11100,-36.29,11050
11100,-36.47,11050
11150,-36.47,11100
11150,-36.51,11100
11200,-36.51,11150
11200,-36.88,11150
11250,-36.88,11200
11250,-36.03,11200
11300,-36.03,11250
11300,-36.63,11250
11350,-36.63,11300
11350,-36.69,11300
11400,-36.69,11350
11400,-37.95,11350
11450,-37.95,11400
11450,-37.28,11400
11500,-37.28,11450
11500,-36.78,11450
11550,-36.78,11500
11550,-36.36,11500
11600,-36.36,11550
11600,-36.48,11550
11650,-36.48,11600
11650,-37.63,11600
11700,-37.63,11650
11700,-40.07,11650
11750,-40.07,11700
11750,-39.23,11700
11800,-39.23,11750
11800,-39.77,11750
11850,-39.77,11800
11850,-40.54,11800
11900,-40.54,11850
11900,-40.3,11850
11950,-40.3,11900
11950,-39.28,11900
12000,-39.28,11950
12000,-39.1,11950
12050,-39.1,12000
12050,-39.36,12000
12100,-39.36,12050
12100,-40.07,12050
12150,-40.07,12100
12150,-39.8,12100
12200,-39.8,12150
12200,-40.47,12150
12250,-40.47,12200
12250,-40.12,12200
12300,-40.12,12250
12300,-39.28,12250
12350,-39.28,12300
12350,-40.58,12300
12400,-40.58,12350
12400,-39.25,12350
12450,-39.25,12400
12450,-40.8,12400
12500,-40.8,12450
12500,-40.37,12450
12550,-40.37,12500
12550,-40.47,12500
12600,-40.47,12550
12600,-41.38,12550
12650,-41.38,12600
12650,-40.75,12600
12700,-40.75,12650
12700,-39.2,12650
12750,-39.2,12700
12750,-40.24,12700
12800,-40.24,12750
12800,-39.55,12750
12850,-39.55,12800
12850,-39,12800
12900,-39,12850
12900,-38.25,12850
12950,-38.25,12900
12950,-38.19,12900
13000,-38.19,12950
13000,-38.02,12950
13050,-38.02,13000
13050,-38.58,13000
13100,-38.58,13050
13100,-40.59,13050
13150,-40.59,13100
13150,-39.32,13100
13200,-39.32,13150
13200,-39.45,13150
13250,-39.45,13200
13250,-38.26,13200
13300,-38.26,13250
13300,-38.16,13250
13350,-38.16,13300
13350,-37.54,13300
13400,-37.54,13350
13400,-38.04,13350
13450,-38.04,13400
13450,-37.33,13400
13500,-37.33,13450
13500,-37.56,13450
13550,-37.56,13500
13550,-37.39,13500
13600,-37.39,13550
13600,-38.06,13550
13650,-38.06,13600
13650,-37.54,13600
13700,-37.54,13650
13700,-37.73,13650
13750,-37.73,13700
13750,-37.24,13700
13800,-37.24,13750
13800,-37.81,13750
13850,-37.81,13800
13850,-37.82,13800
13900,-37.82,13850
13900,-37.48,13850
13950,-37.48,13900
13950,-38.13,13900
14000,-38.13,13950
14000,-39.22,13950
14050,-39.22,14000
14050,-38.46,14000
14100,-38.46,14050
14100,-37.56,14050
14150,-37.56,14100
14150,-37.57,14100
14200,-37.57,14150
14200,-36.92,14150
14250,-36.92,14200
14250,-36.65,14200
14300,-36.65,14250
14300,-35.79,14250
14350,-35.79,14300
14350,-36.36,14300
14400,-36.36,14350
14400,-35.82,14350
14450,-35.82,14400
14450,-35.47,14400
14500,-35.47,14450
14500,-35.25,14450
14550,-35.25,14500
14550,-35.78,14500
14600,-35.78,14550
14600,-36.53,14550
14650,-36.53,14600
14650,-37.43,14600
14700,-37.43,14650
14700,-39.73,14650
14750,-39.73,14700
14750,-40.16,14700
14800,-40.16,14750
14800,-39.07,14750
14850,-39.07,14800
14850,-40.18,14800
14900,-40.18,14850
14900,-39.02,14850
14950,-39.02,14900
14950,-39.94,14900
15000,-39.94,14950
15000,-40.15,14950
15050,-40.15,15000
15050,-39.66,15000
15100,-39.66,15050
15100,-37.57,15050
15150,-37.57,15100
15150,-38.68,15100
15200,-38.68,15150
15200,-38.8,15150
15250,-38.8,15200
15250,-38.84,15200
15300,-38.84,15250
15300,-39.99,15250
15350,-39.99,15300
15350,-38.95,15300
15400,-38.95,15350
15400,-40.63,15350
15450,-40.63,15400
15450,-39.05,15400
15500,-39.05,15450
15500,-39.26,15450
15550,-39.26,15500
15550,-39.72,15500
15600,-39.72,15550
15600,-39.39,15550
15650,-39.39,15600
15650,-38.84,15600
15700,-38.84,15650
15700,-39.88,15650
15750,-39.88,15700
15750,-40.68,15700
15800,-40.68,15750
15800,-41.62,15750
15850,-41.62,15800
15850,-39.4,15800
15900,-39.4,15850
15900,-39.96,15850
15950,-39.96,15900
15950,-41.08,15900
16000,-41.08,15950
16000,-40.4,15950
16050,-40.4,16000
16050,-41.07,16000
16100,-41.07,16050
16100,-40.94,16050
16150,-40.94,16100
16150,-40.34,16100
16200,-40.34,16150
16200,-38.72,16150
16250,-38.72,16200
16250,-40.4,16200
16300,-40.4,16250
16300,-40.64,16250
16350,-40.64,16300
16350,-40.39,16300
16400,-40.39,16350
16400,-39.34,16350
16450,-39.34,16400
16450,-40.27,16400
16500,-40.27,16450
16500,-39.81,16450
16550,-39.81,16500
16550,-39.55,16500
16600,-39.55,16550
16600,-40.51,16550
16650,-40.51,16600
16650,-39.5,16600
16700,-39.5,16650
16700,-41.25,16650
16750,-41.25,16700
16750,-40.29,16700
16800,-40.29,16750
16800,-40.49,16750
16850,-40.49,16800
16850,-40.45,16800
16900,-40.45,16850
16900,-41.21,16850
16950,-41.21,16900
16950,-41.24,16900
17000,-41.24,16950
17000,-40.43,16950
17050,-40.43,17000
17050,-39.23,17000
17100,-39.23,17050
17100,-39.58,17050
17150,-39.58,17100
17150,-40.93,17100
17200,-40.93,17150
17200,-40.84,17150
17250,-40.84,17200
17250,-40.82,17200
17300,-40.82,17250
17300,-41.21,17250
17350,-41.21,17300
17350,-40.86,17300
17400,-40.86,17350
17400,-41.3,17350
17450,-41.3,17400
17450,-40.84,17400
17500,-40.84,17450
17500,-39.94,17450
17550,-39.94,17500
17550,-40.43,17500
17600,-40.43,17550
17600,-40.45,17550
17650,-40.45,17600
17650,-39.85,17600
17700,-39.85,17650
17700,-40.96,17650
17750,-40.96,17700
17750,-40.12,17700
17800,-40.12,17750
17800,-40.22,17750
17850,-40.22,17800
17850,-39.72,17800
17900,-39.72,17850
17900,-40.64,17850
17950,-40.64,17900
17950,-40.66,17900
18000,-40.66,17950
18000,-40.8,17950
18050,-40.8,18000
18050,-40.25,18000
18100,-40.25,18050
18100,-39.11,18050
18150,-39.11,18100
18150,-38.81,18100
18200,-38.81,18150
18200,-40.19,18150
18250,-40.19,18200
18250,-40.6,18200
18300,-40.6,18250
18300,-40.19,18250
18350,-40.19,18300
18350,-39.14,18300
18400,-39.14,18350
18400,-39.97,18350
18450,-39.97,18400
18450,-39.93,18400
18500,-39.93,18450
18500,-39.53,18450
18550,-39.53,18500
18550,-39.66,18500
18600,-39.66,18550
18600,-40.04,18550
18650,-40.04,18600
18650,-39.47,18600
18700,-39.47,18650
18700,-39.3,18650
18750,-39.3,18700
18750,-40.55,18700
18800,-40.55,18750
18800,-39.24,18750
18850,-39.24,18800
18850,-40.25,18800
18900,-40.25,18850
18900,-39.29,18850
18950,-39.29,18900
18950,-39.24,18900
19000,-39.24,18950
19000,-39.21,18950
19050,-39.21,19000
19050,-40.17,19000
19100,-40.17,19050
19100,-39.04,19050
19150,-39.04,19100
19150,-38.71,19100
19200,-38.71,19150
19200,-39.42,19150
19250,-39.42,19200
19250,-39.52,19200
19300,-39.52,19250
19300,-38.27,19250
19350,-38.27,19300
19350,-38.89,19300
19400,-38.89,19350
19400,-40.24,19350
19450,-40.24,19400
19450,-39.6,19400
19500,-39.6,19450
19500,-40.35,19450
19550,-40.35,19500
19550,-39.98,19500
19600,-39.98,19550
19600,-39.23,19550
19650,-39.23,19600
19650,-39.25,19600
19700,-39.25,19650
19700,-39.89,19650
19750,-39.89,19700
19750,-40.67,19700
19800,-40.67,19750
19800,-40.08,19750
19850,-40.08,19800
19850,-39.3,19800
19900,-39.3,19850
19900,-39.64,19850
19950,-39.64,19900
19950,-40.78,19900
20000,-40.78,19950
20000,-38.99,19950
20050,-38.99,20000
20050,-39.93,20000
20100,-39.93,20050
20100,-39.95,20050
20150,-39.95,20100
20150,-39.69,20100
20200,-39.69,20150
20200,-39.96,20150
20250,-39.96,20200
20250,-39.82,20200
20300,-39.82,20250
20300,-40.64,20250
20350,-40.64,20300
20350,-41.54,20300
20400,-41.54,20350
20400,-40.35,20350
20450,-40.35,20400
20450,-40.38,20400
20500,-40.38,20450
20500,-39.91,20450
20550,-39.91,20500
20550,-39.76,20500
20600,-39.76,20550
20600,-38.71,20550
20650,-38.71,20600
20650,-38.98,20600
20700,-38.98,20650
20700,-39.55,20650
20750,-39.55,20700
20750,-40.03,20700
20800,-40.03,20750
20800,-40,20750
20850,-40,20800
20850,-39.78,20800
20900,-39.78,20850
20900,-39.19,20850
20950,-39.19,20900
20950,-41.02,20900
21000,-41.02,20950
21000,-40.66,20950
21050,-40.66,21000
21050,-41.19,21000
21100,-41.19,21050
21100,-40.57,21050
21150,-40.57,21100
21150,-41.62,21100
21200,-41.62,21150
21200,-40.63,21150
21250,-40.63,21200
21250,-41,21200
21300,-41,21250
21300,-41.37,21250
21350,-41.37,21300
21350,-41.37,21300
21400,-41.37,21350
21400,-41.59,21350
21450,-41.59,21400
21450,-41.41,21400
21500,-41.41,21450
21500,-41.4,21450
21550,-41.4,21500
21550,-41.36,21500
21600,-41.36,21550
21600,-41.54,21550
21650,-41.54,21600
21650,-41.07,21600
21700,-41.07,21650
21700,-41.7,21650
21750,-41.7,21700
21750,-40.27,21700
21800,-40.27,21750
21800,-40.92,21750
21850,-40.92,21800
21850,-41.02,21800
21900,-41.02,21850
21900,-41.01,21850
21950,-41.01,21900
21950,-40.4,21900
22000,-40.4,21950
22000,-41.28,21950
22050,-41.28,22000
22050,"NaN",22000
22100,"NaN",22050
22100,-41.3,22050
22150,-41.3,22100
22150,-40.14,22100
22200,-40.14,22150
22200,-40.6,22150
22250,-40.6,22200
22250,-39.93,22200
22300,-39.93,22250
22300,-40.05,22250
22350,-40.05,22300
22350,-40.94,22300
22400,-40.94,22350
22400,-40.99,22350
22450,-40.99,22400
22450,-40.98,22400
22500,-40.98,22450
22500,-39.43,22450
22550,-39.43,22500
22550,-40.8,22500
22600,-40.8,22550
22600,-40.86,22550
22650,-40.86,22600
22650,-40.85,22600
22700,-40.85,22650
22700,-40.53,22650
22750,-40.53,22700
22750,-41.07,22700
22800,-41.07,22750
22800,-40.38,22750
22850,-40.38,22800
22850,-40.86,22800
22900,-40.86,22850
22900,-38.68,22850
22950,-38.68,22900
22950,-39.5,22900
23000,-39.5,22950
23000,-40.21,22950
23050,-40.21,23000
23050,-40.3,23000
23100,-40.3,23050
23100,-40.26,23050
23150,-40.26,23100
23150,-40.45,23100
23200,-40.45,23150
23200,-40.52,23150
23250,-40.52,23200
23250,-39.03,23200
23300,-39.03,23250
23300,-38.34,23250
23350,-38.34,23300
23350,-39.61,23300
23400,-39.61,23350
23400,-40.76,23350
23450,-40.76,23400
23450,-41.99,23400
23500,-41.99,23450
23500,-40.96,23450
23550,-40.96,23500
23550,-41.98,23500
23600,-41.98,23550
23600,-41.49,23550
23650,-41.49,23600
23650,-42.39,23600
23700,-42.39,23650
23700,-41.95,23650
23750,-41.95,23700
23750,-41.32,23700
23800,-41.32,23750
23800,-42.33,23750
23850,-42.33,23800
23850,-42.1,23800
23900,-42.1,23850
23900,-42.18,23850
23950,-42.18,23900
23950,-42.13,23900
24000,-42.13,23950
24000,-42.67,23950
24050,-42.67,24000
24050,-42.02,24000
24100,-42.02,24050
24100,-41.77,24050
24150,-41.77,24100
24150,-42.14,24100
24200,-42.14,24150
24200,-41.33,24150
24250,-41.33,24200
24250,-42.15,24200
24300,-42.15,24250
24300,-41.29,24250
24350,-41.29,24300
24350,-40.54,24300
24400,-40.54,24350
24400,-41.22,24350
24450,-41.22,24400
24450,-39.83,24400
24500,-39.83,24450
24500,-40.47,24450
24550,-40.47,24500
24550,-41.64,24500
24600,-41.64,24550
24600,-41.75,24550
24650,-41.75,24600
24650,-41.58,24600
24700,-41.58,24650
24700,-42.26,24650
24750,-42.26,24700
24750,-41.34,24700
24800,-41.34,24750
24800,-41.84,24750
24850,-41.84,24800
24850,-42.91,24800
24900,-42.91,24850
24900,-40.54,24850
24950,-40.54,24900
24950,-41.98,24900
25000,-41.98,24950
25000,-39.76,24950
25050,-39.76,25000
25050,-40.42,25000
25100,-40.42,25050
25100,-40.47,25050
25150,-40.47,25100
25150,-41.1,25100
25200,-41.1,25150
25200,-41.47,25150
25250,-41.47,25200
25250,-41.77,25200
25300,-41.77,25250
25300,-40.77,25250
25350,-40.77,25300
25350,-41.54,25300
25400,-41.54,25350
25400,-41.42,25350
25450,-41.42,25400
25450,-41.28,25400
25500,-41.28,25450
25500,-41.81,25450
25550,-41.81,25500
25550,-42.39,25500
25600,-42.39,25550
25600,-42.64,25550
25650,-42.64,25600
25650,-43.05,25600
25700,-43.05,25650
25700,-43.11,25650
25750,-43.11,25700
25750,-41.64,25700
25800,-41.64,25750
25800,-41.66,25750
25850,-41.66,25800
25850,-40.79,25800
25900,-40.79,25850
25900,-41.41,25850
25950,-41.41,25900
25950,-40.77,25900
26000,-40.77,25950
26000,-42.07,25950
26050,-42.07,26000
26050,-41.19,26000
26100,-41.19,26050
26100,-41.82,26050
26150,-41.82,26100
26150,-40.53,26100
26200,-40.53,26150
26200,-39.39,26150
26250,-39.39,26200
26250,-41.13,26200
26300,-41.13,26250
26300,-40.73,26250
26350,-40.73,26300
26350,-40.53,26300
26400,-40.53,26350
26400,-41.41,26350
26450,-41.41,26400
26450,-40.82,26400
26500,-40.82,26450
26500,-41.18,26450
26550,-41.18,26500
26550,-40.62,26500
26600,-40.62,26550
26600,-40.63,26550
26650,-40.63,26600
26650,-40.88,26600
26700,-40.88,26650
26700,-41.89,26650
26750,-41.89,26700
26750,-40.95,26700
26800,-40.95,26750
26800,-40.88,26750
26850,-40.88,26800
26850,-40.78,26800
26900,-40.78,26850
26900,-39.71,26850
26950,-39.71,26900
26950,-39.77,26900
27000,-39.77,26950
27000,-40.77,26950
27050,-40.77,27000
27050,-41.76,27000
27100,-41.76,27050
27100,-40.5,27050
27150,-40.5,27100
27150,-40.19,27100
27200,-40.19,27150
27200,-40.13,27150
27250,-40.13,27200
27250,-41.23,27200
27300,-41.23,27250
27300,-41.09,27250
27350,-41.09,27300
27350,-40.67,27300
27400,-40.67,27350
27400,-41.65,27350
27450,-41.65,27400
27450,-41.76,27400
27500,-41.76,27450
27500,"NaN",27450
27550,"NaN",27500
27550,"NaN",27500
27600,"NaN",27550
27600,-38.27,27550
27650,-38.27,27600
27650,-38.12,27600
27700,-38.12,27650
27700,-37.29,27650
27750,-37.29,27700
27750,-38.75,27700
27800,-38.75,27750
27800,-40.85,27750
27850,-40.85,27800
27850,-41.09,27800
27900,-41.09,27850
27900,-40.16,27850
27950,-40.16,27900
27950,-41.87,27900
28000,-41.87,27950
28000,-42.13,27950
28050,-42.13,28000
28050,-41.74,28000
28100,-41.74,28050
28100,-39.94,28050
28150,-39.94,28100
28150,-41.43,28100
28200,-41.43,28150
28200,-41.87,28150
28250,-41.87,28200
28250,-41.47,28200
28300,-41.47,28250
28300,-41.93,28250
28350,-41.93,28300
28350,-40.88,28300
28400,-40.88,28350
28400,-42.01,28350
28450,-42.01,28400
28450,-41.9,28400
28500,-41.9,28450
28500,-40.95,28450
28550,-40.95,28500
28550,-41.5,28500
28600,-41.5,28550
28600,-39.1,28550
28650,-39.1,28600
28650,-38.5,28600
28700,-38.5,28650
28700,-38.34,28650
28750,-38.34,28700
28750,-38.34,28700
28800,-38.34,28750
28800,-37.63,28750
28850,-37.63,28800
28850,-38.81,28800
28900,-38.81,28850
28900,-40.59,28850
28950,-40.59,28900
28950,-40.2,28900
29000,-40.2,28950
29000,-41.59,28950
29050,-41.59,29000
29050,-41.89,29000
29100,-41.89,29050
29100,-42.01,29050
29150,-42.01,29100
29150,-42.04,29100
29200,-42.04,29150
29200,-40.41,29150
29250,-40.41,29200
29250,-41.12,29200
29300,-41.12,29250
29300,-42.48,29250
29350,-42.48,29300
29350,-41.84,29300
29400,-41.84,29350
29400,-41,29350
29450,-41,29400
29450,-41.99,29400
29500,-41.99,29450
29500,-41.31,29450
29550,-41.31,29500
29550,-43.08,29500
29600,-43.08,29550
29600,-43.02,29550
29650,-43.02,29600
29650,-43.01,29600
29700,-43.01,29650
29700,-42.59,29650
29750,-42.59,29700
29750,-41.52,29700
29800,-41.52,29750
29800,-41.63,29750
29850,-41.63,29800
29850,-42.56,29800
29900,-42.56,29850
29900,-42.24,29850
29950,-42.24,29900
29950,-42.91,29900
30000,-42.91,29950
30000,-42.49,29950
30050,-42.49,30000
30050,-42.73,30000
30100,-42.73,30050
30100,-42.38,30050
30150,-42.38,30100
30150,-42.45,30100
30200,-42.45,30150
30200,-42.61,30150
30250,-42.61,30200
30250,-43.01,30200
30300,-43.01,30250
30300,-42.27,30250
30350,-42.27,30300
30350,-41.54,30300
30400,-41.54,30350
30400,-41.84,30350
30450,-41.84,30400
30450,-41.15,30400
30500,-41.15,30450
30500,-41.51,30450
30550,-41.51,30500
30550,-42.77,30500
30600,-42.77,30550
30600,-41.99,30550
30650,-41.99,30600
30650,-42.05,30600
30700,-42.05,30650
30700,-41.11,30650
30750,-41.11,30700
30750,-41.16,30700
30800,-41.16,30750
30800,-42.17,30750
30850,-42.17,30800
30850,-41.09,30800
30900,-41.09,30850
30900,-42.97,30850
30950,-42.97,30900
30950,-42.83,30900
31000,-42.83,30950
31000,-42.09,30950
31050,-42.09,31000
31050,-43.18,31000
31100,-43.18,31050
31100,-42.07,31050
31150,-42.07,31100
31150,-42.53,31100
31200,-42.53,31150
31200,-41.28,31150
31250,-41.28,31200
31250,-41.43,31200
31300,-41.43,31250
31300,-42.63,31250
31350,-42.63,31300
31350,-42.54,31300
31400,-42.54,31350
31400,-42.67,31350
31450,-42.67,31400
31450,-41.35,31400
31500,-41.35,31450
31500,-42.36,31450
31550,-42.36,31500
31550,-42.64,31500
31600,-42.64,31550
31600,"NaN",31550
31650,"NaN",31600
31650,-43.25,31600
31700,-43.25,31650
31700,-41.72,31650
31750,-41.72,31700
31750,-42.04,31700
31800,-42.04,31750
31800,-41.73,31750
31850,-41.73,31800
31850,-42.08,31800
31900,-42.08,31850
31900,-42.25,31850
31950,-42.25,31900
31950,-40.81,31900
32000,-40.81,31950
32000,-40.54,31950
32050,-40.54,32000
32050,-39.83,32000
32100,-39.83,32050
32100,-40.09,32050
32150,-40.09,32100
32150,-39.32,32100
32200,-39.32,32150
32200,-39.13,32150
32250,-39.13,32200
32250,-39.09,32200
32300,-39.09,32250
32300,-38.85,32250
32350,-38.85,32300
32350,-38.02,32300
32400,-38.02,32350
32400,-38.12,32350
32450,-38.12,32400
32450,-38.47,32400
32500,-38.47,32450
32500,-41.21,32450
32550,-41.21,32500
32550,-41.85,32500
32600,-41.85,32550
32600,-41.29,32550
32650,-41.29,32600
32650,-41.42,32600
32700,-41.42,32650
32700,-42.37,32650
32750,-42.37,32700
32750,-42.29,32700
32800,-42.29,32750
32800,-42.66,32750
32850,-42.66,32800
32850,-43.03,32800
32900,-43.03,32850
32900,-41.53,32850
32950,-41.53,32900
32950,-42.46,32900
33000,-42.46,32950
33000,-42.52,32950
33050,-42.52,33000
33050,-42.88,33000
33100,-42.88,33050
33100,-41.71,33050
33150,-41.71,33100
33150,-42.85,33100
33200,-42.85,33150
33200,-42.27,33150
33250,-42.27,33200
33250,-43.78,33200
33300,-43.78,33250
33300,-42.83,33250
33350,-42.83,33300
33350,-41.23,33300
33400,-41.23,33350
33400,-39.73,33350
33450,-39.73,33400
33450,-39.3,33400
33500,-39.3,33450
33500,-38.94,33450
33550,-38.94,33500
33550,-38.93,33500
33600,-38.93,33550
33600,-38.98,33550
33650,-38.98,33600
33650,-37.96,33600
33700,-37.96,33650
33700,-40.06,33650
33750,-40.06,33700
33750,-40.77,33700
33800,-40.77,33750
33800,-41.05,33750
33850,-41.05,33800
33850,-41.97,33800
33900,-41.97,33850
33900,-41.36,33850
33950,-41.36,33900
33950,-41.7,33900
34000,-41.7,33950
34000,-42.28,33950
34050,-42.28,34000
34050,-41.51,34000
34100,-41.51,34050
34100,-40.64,34050
34150,-40.64,34100
34150,-41.44,34100
34200,-41.44,34150
34200,-41.32,34150
34250,-41.32,34200
34250,-42.02,34200
34300,-42.02,34250
34300,-42.02,34250
34350,-42.02,34300
34350,-42.22,34300
34400,-42.22,34350
34400,-42.19,34350
34450,-42.19,34400
34450,-41.83,34400
34500,-41.83,34450
34500,-42.35,34450
34550,-42.35,34500
34550,-41.22,34500
34600,-41.22,34550
34600,-42.58,34550
34650,-42.58,34600
34650,-42,34600
34700,-42,34650
34700,-40.91,34650
34750,-40.91,34700
34750,-39.29,34700
34800,-39.29,34750
34800,-39.55,34750
34850,-39.55,34800
34850,-39.44,34800
34900,-39.44,34850
34900,-39.88,34850
34950,-39.88,34900
34950,-40.26,34900
35000,-40.26,34950
35000,-40.07,34950
35050,-40.07,35000
35050,-38.89,35000
35100,-38.89,35050
35100,-39.22,35050
35150,-39.22,35100
35150,-38.25,35100
35200,-38.25,35150
35200,-38.23,35150
35250,-38.23,35200
35250,-38.91,35200
35300,-38.91,35250
35300,-38.25,35250
35350,-38.25,35300
35350,-38.17,35300
35400,-38.17,35350
35400,-38.01,35350
35450,-38.01,35400
35450,-39.43,35400
35500,-39.43,35450
35500,-41.38,35450
35550,-41.38,35500
35550,-41.86,35500
35600,-41.86,35550
35600,-42.13,35550
35650,-42.13,35600
35650,-40.9,35600
35700,-40.9,35650
35700,-42.09,35650
35750,-42.09,35700
35750,-42.48,35700
35800,-42.48,35750
35800,-42.07,35750
35850,-42.07,35800
35850,-41.99,35800
35900,-41.99,35850
35900,-40.97,35850
35950,-40.97,35900
35950,-43.4,35900
36000,-43.4,35950
36000,-43.76,35950
36050,-43.76,36000
36050,-41.92,36000
36100,-41.92,36050
36100,-41.72,36050
36150,-41.72,36100
36150,-41.64,36100
36200,-41.64,36150
36200,-41.78,36150
36250,-41.78,36200
36250,-41.6,36200
36300,-41.6,36250
36300,-42.15,36250
36350,-42.15,36300
36350,-41.56,36300
36400,-41.56,36350
36400,-41.81,36350
36450,-41.81,36400
36450,-41.15,36400
36500,-41.15,36450
36500,-41.91,36450
36550,-41.91,36500
36550,-41.72,36500
36600,-41.72,36550
36600,-40.47,36550
36650,-40.47,36600
36650,-39.5,36600
36700,-39.5,36650
36700,-39.02,36650
36750,-39.02,36700
36750,-40,36700
36800,-40,36750
36800,-38.97,36750
36850,-38.97,36800
36850,-39.97,36800
36900,-39.97,36850
36900,-40.94,36850
36950,-40.94,36900
36950,-40.35,36900
37000,-40.35,36950
37000,-41.05,36950
37050,-41.05,37000
37050,-39.7,37000
37100,-39.7,37050
37100,-39.54,37050
37150,-39.54,37100
37150,-38.76,37100
37200,-38.76,37150
37200,-38.49,37150
37250,-38.49,37200
37250,-38.83,37200
37300,-38.83,37250
37300,-38.47,37250
37350,-38.47,37300
37350,"NaN",37300
37400,"NaN",37350
37400,-38.73,37350
37450,-38.73,37400
37450,-38.16,37400
37500,-38.16,37450
37500,-38.06,37450
37550,-38.06,37500
37550,-38.67,37500
37600,-38.67,37550
37600,-37.98,37550
37650,-37.98,37600
37650,-37.99,37600
37700,-37.99,37650
37700,-37.81,37650
37750,-37.81,37700
37750,-37.56,37700
37800,-37.56,37750
37800,-37.59,37750
37850,-37.59,37800
37850,-37.47,37800
37900,-37.47,37850
37900,-37.92,37850
37950,-37.92,37900
37950,-37.68,37900
38000,-37.68,37950
38000,-37.5,37950
38050,-37.5,38000
38050,-37.41,38000
38100,-37.41,38050
38100,-37.23,38050
38150,-37.23,38100
38150,-37.06,38100
38200,-37.06,38150
38200,-40.03,38150
38250,-40.03,38200
38250,-41.13,38200
38300,-41.13,38250
38300,-41.08,38250
38350,-41.08,38300
38350,-41.73,38300
38400,-41.73,38350
38400,-42.07,38350
38450,-42.07,38400
38450,-40.75,38400
38500,-40.75,38450
38500,-41.7,38450
38550,-41.7,38500
38550,-41.06,38500
38600,-41.06,38550
38600,-41.91,38550
38650,-41.91,38600
38650,-40.53,38600
38700,-40.53,38650
38700,-41.18,38650
38750,-41.18,38700
38750,-41.7,38700
38800,-41.7,38750
38800,-40.8,38750
38850,-40.8,38800
38850,-41.7,38800
38900,-41.7,38850
38900,-41.26,38850
38950,-41.26,38900
38950,-41.27,38900
39000,-41.27,38950
39000,-41.9,38950
39050,-41.9,39000
39050,-41.77,39000
39100,-41.77,39050
39100,-41.41,39050
39150,-41.41,39100
39150,-41.07,39100
39200,-41.07,39150
39200,-40.61,39150
39250,-40.61,39200
39250,-40.44,39200
39300,-40.44,39250
39300,-41.05,39250
39350,-41.05,39300
39350,-42.51,39300
39400,-42.51,39350
39400,-42.07,39350
39450,-42.07,39400
39450,-42.13,39400
39500,-42.13,39450
39500,-42.18,39450
39550,-42.18,39500
39550,-41.35,39500
39600,-41.35,39550
39600,-41.39,39550
39650,-41.39,39600
39650,-41.52,39600
39700,-41.52,39650
39700,-42.07,39650
39750,-42.07,39700
39750,-41.61,39700
39800,-41.61,39750
39800,-41.52,39750
39850,-41.52,39800
39850,-40.78,39800
39900,-40.78,39850
39900,-41.23,39850
39950,-41.23,39900
39950,-40.69,39900
40000,-40.69,39950
40000,-39.4,39950
40050,-39.4,40000
40050,-38.63,40000
40100,-38.63,40050
40100,-39.12,40050
40150,-39.12,40100
40150,-40.52,40100
40200,-40.52,40150
40200,-40.32,40150
40250,-40.32,40200
40250,-39.94,40200
40300,-39.94,40250
40300,-40.48,40250
40350,-40.48,40300
40350,-40.22,40300
40400,-40.22,40350
40400,-41.79,40350
40450,-41.79,40400
40450,-41.35,40400
40500,-41.35,40450
40500,-40.29,40450
40550,-40.29,40500
40550,-41.05,40500
40600,-41.05,40550
40600,-40.85,40550
40650,-40.85,40600
40650,-41.03,40600
40700,-41.03,40650
40700,-42.49,40650
40750,-42.49,40700
40750,-41.65,40700
40800,-41.65,40750
40800,-40.62,40750
40850,-40.62,40800
40850,-41.05,40800
40900,-41.05,40850
40900,-40.57,40850
40950,-40.57,40900
40950,-40.01,40900
41000,-40.01,40950
41000,-38.87,40950
41050,-38.87,41000
41050,-38.78,41000
41100,-38.78,41050
41100,-38.47,41050
41150,-38.47,41100
41150,-39.02,41100
41200,-39.02,41150
41200,-39.16,41150
41250,-39.16,41200
41250,-39.04,41200
41300,-39.04,41250
41300,-37.99,41250
41350,-37.99,41300
41350,-38.1,41300
41400,-38.1,41350
41400,-37.76,41350
41450,-37.76,41400
41450,-40.54,41400
41500,-40.54,41450
41500,-40.73,41450
41550,-40.73,41500
41550,-41.38,41500
41600,-41.38,41550
41600,-40.8,41550
41650,-40.8,41600
41650,-41.2,41600
41700,-41.2,41650
41700,-40.78,41650
41750,-40.78,41700
41750,-41.73,41700
41800,-41.73,41750
41800,-41.17,41750
41850,-41.17,41800
41850,-41.49,41800
41900,-41.49,41850
41900,-41.54,41850
41950,-41.54,41900
41950,-41.54,41900
42000,-41.54,41950
42000,-41.66,41950
42050,-41.66,42000
42050,-41.41,42000
42100,-41.41,42050
42100,-41.58,42050
42150,-41.58,42100
42150,-41.9,42100
42200,-41.9,42150
42200,-40.43,42150
42250,-40.43,42200
42250,-39.35,42200
42300,-39.35,42250
42300,-39.53,42250
42350,-39.53,42300
42350,-39.6,42300
42400,-39.6,42350
42400,-39.86,42350
42450,-39.86,42400
42450,-39.09,42400
42500,-39.09,42450
42500,-40.17,42450
42550,-40.17,42500
42550,-39.63,42500
42600,-39.63,42550
42600,-39.59,42550
42650,-39.59,42600
42650,-38.71,42600
42700,-38.71,42650
42700,-39.02,42650
42750,-39.02,42700
42750,-38.55,42700
42800,-38.55,42750
42800,-38.48,42750
42850,-38.48,42800
42850,-37.98,42800
42900,-37.98,42850
42900,-38.54,42850
42950,-38.54,42900
42950,-38.53,42900
43000,-38.53,42950
43000,-38.18,42950
43050,-38.18,43000
43050,-38.17,43000
43100,-38.17,43050
43100,-38.52,43050
43150,-38.52,43100
43150,-37.53,43100
43200,-37.53,43150
43200,-38.41,43150
43250,-38.41,43200
43250,-37.96,43200
43300,-37.96,43250
43300,-38.2,43250
43350,-38.2,43300
43350,-40.97,43300
43400,-40.97,43350
43400,-41.64,43350
43450,-41.64,43400
43450,-41.94,43400
43500,-41.94,43450
43500,-41.76,43450
43550,-41.76,43500
43550,-41.97,43500
43600,-41.97,43550
43600,-41.72,43550
43650,-41.72,43600
43650,-42.08,43600
43700,-42.08,43650
43700,-42.21,43650
43750,-42.21,43700
43750,-41.54,43700
43800,-41.54,43750
43800,-40.5,43750
43850,-40.5,43800
43850,-42.04,43800
43900,-42.04,43850
43900,-41.33,43850
43950,-41.33,43900
43950,-41.2,43900
44000,-41.2,43950
44000,-42.1,43950
44050,-42.1,44000
44050,-40.94,44000
44100,-40.94,44050
44100,-40.69,44050
44150,-40.69,44100
44150,-41.45,44100
44200,-41.45,44150
44200,-41.24,44150
44250,-41.24,44200
44250,-41.21,44200
44300,-41.21,44250
44300,-40.18,44250
44350,-40.18,44300
44350,-38.97,44300
44400,-38.97,44350
44400,-38.38,44350
44450,-38.38,44400
44450,-38.48,44400
44500,-38.48,44450
44500,-39.23,44450
44550,-39.23,44500
44550,-41.16,44500
44600,-41.16,44550
44600,-39.98,44550
44650,-39.98,44600
44650,-39.21,44600
44700,-39.21,44650
44700,-39.84,44650
44750,-39.84,44700
44750,-39.91,44700
44800,-39.91,44750
44800,-39.59,44750
44850,-39.59,44800
44850,-40.05,44800
44900,-40.05,44850
44900,-39.68,44850
44950,-39.68,44900
44950,-39.54,44900
45000,-39.54,44950
45000,-39.52,44950
45050,-39.52,45000
45050,-39.7,45000
45100,-39.7,45050
45100,-38.93,45050
45150,-38.93,45100
45150,-38.82,45100
45200,-38.82,45150
45200,-39.64,45150
45250,-39.64,45200
45250,-38.56,45200
45300,-38.56,45250
45300,-39.51,45250
45350,-39.51,45300
45350,-39.48,45300
45400,-39.48,45350
45400,-39.06,45350
45450,-39.06,45400
45450,-38.29,45400
45500,-38.29,45450
45500,-38.61,45450
45550,-38.61,45500
45550,-38.86,45500
45600,-38.86,45550
45600,-38.31,45550
45650,-38.31,45600
45650,-38.17,45600
45700,-38.17,45650
45700,-38.27,45650
45750,-38.27,45700
45750,-37.76,45700
45800,-37.76,45750
45800,-38.19,45750
45850,-38.19,45800
45850,-38.41,45800
45900,-38.41,45850
45900,-38.29,45850
45950,-38.29,45900
45950,-38.15,45900
46000,-38.15,45950
46000,-38.1,45950
46050,-38.1,46000
46050,-37.97,46000
46100,-37.97,46050
46100,-38.01,46050
46150,-38.01,46100
46150,-37.46,46100
46200,-37.46,46150
46200,-37.29,46150
46250,-37.29,46200
46250,-37.48,46200
46300,-37.48,46250
46300,-36.91,46250
46350,-36.91,46300
46350,-37.05,46300
46400,-37.05,46350
46400,-37.52,46350
46450,-37.52,46400
46450,-37.5,46400
46500,-37.5,46450
46500,-36.82,46450
46550,-36.82,46500
46550,-37.02,46500
46600,-37.02,46550
46600,-36.82,46550
46650,-36.82,46600
46650,-37.88,46600
46700,-37.88,46650
46700,-36.55,46650
46750,-36.55,46700
46750,-36.73,46700
46800,-36.73,46750
46800,-36.69,46750
46850,-36.69,46800
46850,-40.02,46800
46900,-40.02,46850
46900,-41.1,46850
46950,-41.1,46900
46950,-41.07,46900
47000,-41.07,46950
47000,-41.37,46950
47050,-41.37,47000
47050,-40.05,47000
47100,-40.05,47050
47100,-41.2,47050
47150,-41.2,47100
47150,-41.19,47100
47200,-41.19,47150
47200,-40.66,47150
47250,-40.66,47200
47250,-40.63,47200
47300,-40.63,47250
47300,-39.87,47250
47350,-39.87,47300
47350,-40.08,47300
47400,-40.08,47350
47400,-40.49,47350
47450,-40.49,47400
47450,-40.36,47400
47500,-40.36,47450
47500,-40.24,47450
47550,-40.24,47500
47550,-40.72,47500
47600,-40.72,47550
47600,-40.34,47550
47650,-40.34,47600
47650,-41.25,47600
47700,-41.25,47650
47700,-40.91,47650
47750,-40.91,47700
47750,-41.2,47700
47800,-41.2,47750
47800,-40.31,47750
47850,-40.31,47800
47850,-41.11,47800
47900,-41.11,47850
47900,-40.15,47850
47950,-40.15,47900
47950,-40.6,47900
48000,-40.6,47950
48000,-41.57,47950
48050,-41.57,48000
48050,-41.61,48000
48100,-41.61,48050
48100,-40.92,48050
48150,-40.92,48100
48150,-40.35,48100
48200,-40.35,48150
48200,-41.42,48150
48250,-41.42,48200
48250,-41.06,48200
48300,-41.06,48250
48300,-40.24,48250
48350,-40.24,48300
48350,-40.11,48300
48400,-40.11,48350
48400,-39.32,48350
48450,-39.32,48400
48450,-39.58,48400
48500,-39.58,48450
48500,-39.72,48450
48550,-39.72,48500
48550,-39.52,48500
48600,-39.52,48550
48600,-39.39,48550
48650,-39.39,48600
48650,-39.52,48600
48700,-39.52,48650
48700,-39.25,48650
48750,-39.25,48700
48750,-39.28,48700
48800,-39.28,48750
48800,-39.56,48750
48850,-39.56,48800
48850,-38.3,48800
48900,-38.3,48850
48900,-38.07,48850
48950,-38.07,48900
48950,-38.35,48900
49000,-38.35,48950
49000,-38.79,48950
49050,-38.79,49000
49050,-39.8,49000
49100,-39.8,49050
49100,-39.34,49050
49150,-39.34,49100
49150,-38.42,49100
49200,-38.42,49150
49200,-38.44,49150
49250,-38.44,49200
49250,-38.37,49200
49300,-38.37,49250
49300,-40.87,49250
49350,-40.87,49300
49350,-40.61,49300
49400,-40.61,49350
49400,-40.51,49350
49450,-40.51,49400
49450,-40.22,49400
49500,-40.22,49450
49500,-40.15,49450
49550,-40.15,49500
49550,-39.6,49500
49600,-39.6,49550
49600,-38.69,49550
49650,-38.69,49600
49650,-38.82,49600
49700,-38.82,49650
49700,-39.2,49650
49750,-39.2,49700
49750,-39.49,49700
49800,-39.49,49750
49800,-39.38,49750
49850,-39.38,49800
49850,-39.62,49800
49900,-39.62,49850
49900,-39.97,49850
49950,-39.97,49900
49950,-39.87,49900
50000,-39.87,49950
50000,-39.65,49950
50050,-39.65,50000
50050,-38.79,50000
50100,-38.79,50050
50100,-39.48,50050
50150,-39.48,50100
50150,-40.04,50100
50200,-40.04,50150
50200,-39.56,50150
50250,-39.56,50200
50250,-39.36,50200
50300,-39.36,50250
50300,-39.22,50250
50350,-39.22,50300
50350,-38.91,50300
50400,-38.91,50350
50400,-39.95,50350
50450,-39.95,50400
50450,-39.29,50400
50500,-39.29,50450
50500,-39.56,50450
50550,-39.56,50500
50550,-38.81,50500
50600,-38.81,50550
50600,-38.87,50550
50650,-38.87,50600
50650,-38.76,50600
50700,-38.76,50650
50700,-39.52,50650
50750,-39.52,50700
50750,-39.31,50700
50800,-39.31,50750
50800,-40.12,50750
50850,-40.12,50800
50850,-39.12,50800
50900,-39.12,50850
50900,-39.1,50850
50950,-39.1,50900
50950,-39.24,50900
51000,-39.24,50950
51000,-39.91,50950
51050,-39.91,51000
51050,-39.36,51000
51100,-39.36,51050
51100,-39.39,51050
51150,-39.39,51100
51150,-39.1,51100
51200,-39.1,51150
51200,-38.88,51150
51250,-38.88,51200
51250,-39.01,51200
51300,-39.01,51250
51300,-38.23,51250
51350,-38.23,51300
51350,-38.91,51300
51400,-38.91,51350
51400,-39.38,51350
51450,-39.38,51400
51450,-38.7,51400
51500,-38.7,51450
51500,-39.27,51450
51550,-39.27,51500
51550,-39.81,51500
51600,-39.81,51550
51600,-39.12,51550
51650,-39.12,51600
51650,-38.91,51600
51700,-38.91,51650
51700,-37.96,51650
51750,-37.96,51700
51750,-38.06,51700
51800,-38.06,51750
51800,-39.06,51750
51850,-39.06,51800
51850,-38.81,51800
51900,-38.81,51850
51900,-38.19,51850
51950,-38.19,51900
51950,-37.99,51900
52000,-37.99,51950
52000,-38.53,51950
52050,-38.53,52000
52050,-38.56,52000
52100,-38.56,52050
52100,-38.42,52050
52150,-38.42,52100
52150,-37.79,52100
52200,-37.79,52150
52200,-38.11,52150
52250,-38.11,52200
52250,-38,52200
52300,-38,52250
52300,-38.07,52250
52350,-38.07,52300
52350,-38.01,52300
52400,-38.01,52350
52400,-37.77,52350
52450,-37.77,52400
52450,-38.33,52400
52500,-38.33,52450
52500,-38.19,52450
52550,-38.19,52500
52550,-37.51,52500
52600,-37.51,52550
52600,-38.11,52550
52650,-38.11,52600
52650,-38.12,52600
52700,-38.12,52650
52700,-38.68,52650
52750,-38.68,52700
52750,-37.87,52700
52800,-37.87,52750
52800,-38.21,52750
52850,-38.21,52800
52850,-37.72,52800
52900,-37.72,52850
52900,-36.74,52850
52950,-36.74,52900
52950,-37.46,52900
53000,-37.46,52950
53000,-37.41,52950
53050,-37.41,53000
53050,-37.71,53000
53100,-37.71,53050
53100,-37.59,53050
53150,-37.59,53100
53150,-37.92,53100
53200,-37.92,53150
53200,-37.52,53150
53250,-37.52,53200
53250,-38.04,53200
53300,-38.04,53250
53300,-37.92,53250
53350,-37.92,53300
53350,-37.24,53300
53400,-37.24,53350
53400,-37.3,53350
53450,-37.3,53400
53450,-37,53400
53500,-37,53450
53500,-37.06,53450
53550,-37.06,53500
53550,-36.85,53500
53600,-36.85,53550
53600,-37.01,53550
53650,-37.01,53600
53650,-37.21,53600
53700,-37.21,53650
53700,-37.89,53650
53750,-37.89,53700
53750,-37.42,53700
53800,-37.42,53750
53800,-36.98,53750
53850,-36.98,53800
53850,-36.36,53800
53900,-36.36,53850
53900,-36.85,53850
53950,-36.85,53900
53950,-37.68,53900
54000,-37.68,53950
54000,-37.82,53950
54050,-37.82,54000
54050,-37.1,54000
54100,-37.1,54050
54100,-36.99,54050
54150,-36.99,54100
54150,-36.98,54100
54200,-36.98,54150
54200,-38.61,54150
54250,-38.61,54200
54250,-41.01,54200
54300,-41.01,54250
54300,-40.79,54250
54350,-40.79,54300
54350,-40.17,54300
54400,-40.17,54350
54400,-40.24,54350
54450,-40.24,54400
54450,-40.49,54400
54500,-40.49,54450
54500,-39.4,54450
54550,-39.4,54500
54550,-40.96,54500
54600,-40.96,54550
54600,-40.69,54550
54650,-40.69,54600
54650,-40.39,54600
54700,-40.39,54650
54700,-39.9,54650
54750,-39.9,54700
54750,-40.31,54700
54800,-40.31,54750
54800,-39.81,54750
54850,-39.81,54800
54850,-38.96,54800
54900,-38.96,54850
54900,-37.1,54850
54950,-37.1,54900
54950,-36.81,54900
55000,-36.81,54950
55000,-39.94,54950
55050,-39.94,55000
55050,-40.28,55000
55100,-40.28,55050
55100,-40.42,55050
55150,-40.42,55100
55150,-40.34,55100
55200,-40.34,55150
55200,-40.32,55150
55250,-40.32,55200
55250,-41.64,55200
55300,-41.64,55250
55300,-40.1,55250
55350,-40.1,55300
55350,-40.7,55300
55400,-40.7,55350
55400,-37.55,55350
55450,-37.55,55400
55450,-37.23,55400
55500,-37.23,55450
55500,-37.55,55450
55550,-37.55,55500
55550,-37.56,55500
55600,-37.56,55550
55600,-37.27,55550
55650,-37.27,55600
55650,-37.71,55600
55700,-37.71,55650
55700,-37.32,55650
55750,-37.32,55700
55750,-38.33,55700
55800,-38.33,55750
55800,-40.45,55750
55850,-40.45,55800
55850,-41.12,55800
55900,-41.12,55850
55900,-39.69,55850
55950,-39.69,55900
55950,-40.7,55900
56000,-40.7,55950
56000,-39.91,55950
56050,-39.91,56000
56050,-39.88,56000
56100,-39.88,56050
56100,-40.12,56050
56150,-40.12,56100
56150,-39.81,56100
56200,-39.81,56150
56200,-39.57,56150
56250,-39.57,56200
56250,-40.22,56200
56300,-40.22,56250
56300,-40.56,56250
56350,-40.56,56300
56350,-39.54,56300
56400,-39.54,56350
56400,-39.45,56350
56450,-39.45,56400
56450,-39.59,56400
56500,-39.59,56450
56500,-39.62,56450
56550,-39.62,56500
56550,-39.18,56500
56600,-39.18,56550
56600,-38.21,56550
56650,-38.21,56600
56650,-38.18,56600
56700,-38.18,56650
56700,-37.91,56650
56750,-37.91,56700
56750,-38.29,56700
56800,-38.29,56750
56800,-38.34,56750
56850,-38.34,56800
56850,-39.24,56800
56900,-39.24,56850
56900,-38.87,56850
56950,-38.87,56900
56950,-38.76,56900
57000,-38.76,56950
57000,-39.53,56950
57050,-39.53,57000
57050,-38.58,57000
57100,-38.58,57050
57100,-38.59,57050
57150,-38.59,57100
57150,-38.8,57100
57200,-38.8,57150
57200,-38.84,57150
57250,-38.84,57200
57250,-38.32,57200
57300,-38.32,57250
57300,-38.38,57250
57350,-38.38,57300
57350,-38.41,57300
57400,-38.41,57350
57400,-38.44,57350
57450,-38.44,57400
57450,-38.44,57400
57500,-38.44,57450
57500,-38.26,57450
57550,-38.26,57500
57550,-38.63,57500
57600,-38.63,57550
57600,-37.53,57550
57650,-37.53,57600
57650,-37.37,57600
57700,-37.37,57650
57700,-37.86,57650
57750,-37.86,57700
57750,-37.18,57700
57800,-37.18,57750
57800,-37.04,57750
57850,-37.04,57800
57850,-37.38,57800
57900,-37.38,57850
57900,-37.95,57850
57950,-37.95,57900
57950,-37.19,57900
58000,-37.19,57950
58000,-37.46,57950
58050,-37.46,58000
58050,-39.76,58000
58100,-39.76,58050
58100,-39.34,58050
58150,-39.34,58100
58150,-38.3,58100
58200,-38.3,58150
58200,-36.25,58150
58250,-36.25,58200
58250,-39.27,58200
58300,-39.27,58250
58300,-40.96,58250
58350,-40.96,58300
58350,-40.35,58300
58400,-40.35,58350
58400,-40.29,58350
58450,-40.29,58400
58450,-40.3,58400
58500,-40.3,58450
58500,-39.63,58450
58550,-39.63,58500
58550,-39.3,58500
58600,-39.3,58550
58600,-37.81,58550
58650,-37.81,58600
58650,-37.56,58600
58700,-37.56,58650
58700,-36.93,58650
58750,-36.93,58700
58750,-38.22,58700
58800,-38.22,58750
58800,-38.71,58750
58850,-38.71,58800
58850,-37.25,58800
58900,-37.25,58850
58900,-36.81,58850
58950,-36.81,58900
58950,-36.64,58900
59000,-36.64,58950
59000,-36.75,58950
59050,-36.75,59000
59050,-39.1,59000
59100,-39.1,59050
59100,-40.19,59050
59150,-40.19,59100
59150,-40.86,59100
59200,-40.86,59150
59200,-40.33,59150
59250,-40.33,59200
59250,-39.04,59200
59300,-39.04,59250
59300,-37.19,59250
59350,-37.19,59300
59350,-36.37,59300
59400,-36.37,59350
59400,-38.23,59350
59450,-38.23,59400
59450,-40.42,59400
59500,-40.42,59450
59500,-41.2,59450
59550,-41.2,59500
59550,-41.05,59500
59600,-41.05,59550
59600,-40.64,59550
59650,-40.64,59600
59650,-40.74,59600
59700,-40.74,59650
59700,-40.47,59650
59750,-40.47,59700
59750,-41.74,59700
59800,-41.74,59750
59800,-41.44,59750
59850,-41.44,59800
59850,-41.58,59800
59900,-41.58,59850
59900,-40.74,59850
59950,-40.74,59900
59950,-41.51,59900
60000,-41.51,59950
60000,-41.46,59950
60050,-41.46,60000
60050,-41.82,60000
60100,-41.82,60050
60100,-40.76,60050
60150,-40.76,60100
60150,-40.31,60100
60200,-40.31,60150
60200,-40.33,60150
60250,-40.33,60200
60250,-40.52,60200
60300,-40.52,60250
60300,-40.47,60250
60350,-40.47,60300
60350,-40.32,60300
60400,-40.32,60350
60400,-39.97,60350
60450,-39.97,60400
60450,-40.58,60400
60500,-40.58,60450
60500,-40.84,60450
60550,-40.84,60500
60550,-40.92,60500
60600,-40.92,60550
60600,-41.22,60550
60650,-41.22,60600
60650,-41.08,60600
60700,-41.08,60650
60700,-40.68,60650
60750,-40.68,60700
60750,-41.02,60700
60800,-41.02,60750
60800,-41.17,60750
60850,-41.17,60800
60850,-41.49,60800
60900,-41.49,60850
60900,-41.12,60850
60950,-41.12,60900
60950,-40.57,60900
61000,-40.57,60950
61000,-39.86,60950
61050,-39.86,61000
61050,-40.26,61000
61100,-40.26,61050
61100,-41.85,61050
61150,-41.85,61100
61150,-40.95,61100
61200,-40.95,61150
61200,-40.37,61150
61250,-40.37,61200
61250,-41.43,61200
61300,-41.43,61250
61300,-40.42,61250
61350,-40.42,61300
61350,-40.65,61300
61400,-40.65,61350
61400,-41.15,61350
61450,-41.15,61400
61450,-41.61,61400
61500,-41.61,61450
61500,-41.35,61450
61550,-41.35,61500
61550,-41.51,61500
61600,-41.51,61550
61600,-40.85,61550
61650,-40.85,61600
61650,-40.84,61600
61700,-40.84,61650
61700,-39.94,61650
61750,-39.94,61700
61750,-41.02,61700
61800,-41.02,61750
61800,-40.73,61750
61850,-40.73,61800
61850,-41.47,61800
61900,-41.47,61850
61900,-41.08,61850
61950,-41.08,61900
61950,-41.42,61900
62000,-41.42,61950
62000,-40.78,61950
62050,-40.78,62000
62050,-41.1,62000
62100,-41.1,62050
62100,-41.68,62050
62150,-41.68,62100
62150,-42.25,62100
62200,-42.25,62150
62200,-41.97,62150
62250,-41.97,62200
62250,-41.91,62200
62300,-41.91,62250
62300,-41.76,62250
62350,-41.76,62300
62350,-41.32,62300
62400,-41.32,62350
62400,-42.01,62350
62450,-42.01,62400
62450,-41.83,62400
62500,-41.83,62450
62500,-41.96,62450
62550,-41.96,62500
62550,-41.67,62500
62600,-41.67,62550
62600,-41.48,62550
62650,-41.48,62600
62650,-40.88,62600
62700,-40.88,62650
62700,-41.45,62650
62750,-41.45,62700
62750,-41.6,62700
62800,-41.6,62750
62800,-41.41,62750
62850,-41.41,62800
62850,-42.15,62800
62900,-42.15,62850
62900,-41.39,62850
62950,-41.39,62900
62950,-41.64,62900
63000,-41.64,62950
63000,-42.14,62950
63050,-42.14,63000
63050,-41.5,63000
63100,-41.5,63050
63100,-41.04,63050
63150,-41.04,63100
63150,-41.9,63100
63200,-41.9,63150
63200,-41.02,63150
63250,-41.02,63200
63250,-40.77,63200
63300,-40.77,63250
63300,-40.94,63250
63350,-40.94,63300
63350,-40.68,63300
63400,-40.68,63350
63400,-41.99,63350
63450,-41.99,63400
63450,-40.75,63400
63500,-40.75,63450
63500,-40.07,63450
63550,-40.07,63500
63550,-40.79,63500
63600,-40.79,63550
63600,-40.74,63550
63650,-40.74,63600
63650,-41.55,63600
63700,-41.55,63650
63700,-41.1,63650
63750,-41.1,63700
63750,-41.11,63700
63800,-41.11,63750
63800,-41.11,63750
63850,-41.11,63800
63850,-38.29,63800
63900,-38.29,63850
63900,-38.26,63850
63950,-38.26,63900
63950,-38.15,63900
64000,-38.15,63950
64000,-38.12,63950
64050,-38.12,64000
64050,-38.12,64000
64100,-38.12,64050
64100,-40.31,64050
64150,-40.31,64100
64150,-41.68,64100
64200,-41.68,64150
64200,-42.35,64150
64250,-42.35,64200
64250,-41.88,64200
64300,-41.88,64250
64300,-41.6,64250
64350,-41.6,64300
64350,-41.21,64300
64400,-41.21,64350
64400,-40.95,64350
64450,-40.95,64400
64450,-42.37,64400
64500,-42.37,64450
64500,-41.74,64450
64550,-41.74,64500
64550,-41.17,64500
64600,-41.17,64550
64600,-40.84,64550
64650,-40.84,64600
64650,-41.18,64600
64700,-41.18,64650
64700,-41.66,64650
64750,-41.66,64700
64750,-40.7,64700
64800,-40.7,64750
64800,-40.33,64750
64850,-40.33,64800
64850,-41.56,64800
64900,-41.56,64850
64900,-40.59,64850
64950,-40.59,64900
64950,-40.89,64900
65000,-40.89,64950
65000,-41.64,64950
65050,-41.64,65000
65050,-41.29,65000
65100,-41.29,65050
65100,-40.49,65050
65150,-40.49,65100
65150,-40.45,65100
65200,-40.45,65150
65200,-40.99,65150
65250,-40.99,65200
65250,-41.58,65200
65300,-41.58,65250
65300,-42.49,65250
65350,-42.49,65300
65350,-41.93,65300
65400,-41.93,65350
65400,-41.18,65350
65450,-41.18,65400
65450,-41.25,65400
65500,-41.25,65450
65500,-41.94,65450
65550,-41.94,65500
65550,-42.62,65500
65600,-42.62,65550
65600,-42.81,65550
65650,-42.81,65600
65650,-42.06,65600
65700,-42.06,65650
65700,-41.3,65650
65750,-41.3,65700
65750,-41.55,65700
65800,-41.55,65750
65800,-41.15,65750
65850,-41.15,65800
65850,-41.96,65800
65900,-41.96,65850
65900,-42.53,65850
65950,-42.53,65900
65950,-41.23,65900
66000,-41.23,65950
66000,-42.78,65950
66050,-42.78,66000
66050,-42.23,66000
66100,-42.23,66050
66100,-41.53,66050
66150,-41.53,66100
66150,-41.25,66100
66200,-41.25,66150
66200,-41.61,66150
66250,-41.61,66200
66250,-42.45,66200
66300,-42.45,66250
66300,-41.01,66250
66350,-41.01,66300
66350,-41.16,66300
66400,-41.16,66350
66400,-40.71,66350
66450,-40.71,66400
66450,-41.24,66400
66500,-41.24,66450
66500,-41.57,66450
66550,-41.57,66500
66550,-41.16,66500
66600,-41.16,66550
66600,-40.87,66550
66650,-40.87,66600
66650,-41.18,66600
66700,-41.18,66650
66700,-41.04,66650
66750,-41.04,66700
66750,-41.11,66700
66800,-41.11,66750
66800,-40.65,66750
66850,-40.65,66800
66850,-40.92,66800
66900,-40.92,66850
66900,-41.91,66850
66950,-41.91,66900
66950,-41.88,66900
67000,-41.88,66950
67000,-41.7,66950
67050,-41.7,67000
67050,-42.1,67000
67100,-42.1,67050
67100,-41.32,67050
67150,-41.32,67100
67150,-40.4,67100
67200,-40.4,67150
67200,-41.53,67150
67250,-41.53,67200
67250,-41.53,67200
67300,-41.53,67250
67300,-41.07,67250
67350,-41.07,67300
67350,-41.02,67300
67400,-41.02,67350
67400,-40.4,67350
67450,-40.4,67400
67450,-42,67400
67500,-42,67450
67500,-41.07,67450
67550,-41.07,67500
67550,-40.94,67500
67600,-40.94,67550
67600,-41.94,67550
67650,-41.94,67600
67650,-42.54,67600
67700,-42.54,67650
67700,-41.98,67650
67750,-41.98,67700
67750,-41.87,67700
67800,-41.87,67750
67800,-42.12,67750
67850,-42.12,67800
67850,-42.36,67800
67900,-42.36,67850
67900,-41.79,67850
67950,-41.79,67900
67950,-41.51,67900
68000,-41.51,67950
68000,-42.23,67950
68050,-42.23,68000
68050,-42.85,68000
68100,-42.85,68050
68100,-41.91,68050
68150,-41.91,68100
68150,-41.8,68100
68200,-41.8,68150
68200,-42.03,68150
68250,-42.03,68200
68250,-42.42,68200
68300,-42.42,68250
68300,-43.24,68250
68350,-43.24,68300
68350,-42.14,68300
68400,-42.14,68350
68400,-42.7,68350
68450,-42.7,68400
68450,-40.85,68400
68500,-40.85,68450
68500,-41.26,68450
68550,-41.26,68500
68550,-42.46,68500
68600,-42.46,68550
68600,-42.82,68550
68650,-42.82,68600
68650,-41.92,68600
68700,-41.92,68650
68700,-41.97,68650
68750,-41.97,68700
68750,-41.74,68700
68800,-41.74,68750
68800,-42.59,68750
68850,-42.59,68800
68850,-41.46,68800
68900,-41.46,68850
68900,-41.19,68850
68950,-41.19,68900
68950,-41.02,68900
69000,-41.02,68950
69000,-42.03,68950
69050,-42.03,69000
69050,-42.31,69000
69100,-42.31,69050
69100,-40.62,69050
69150,-40.62,69100
69150,-41.84,69100
69200,-41.84,69150
69200,-42.02,69150
69250,-42.02,69200
69250,-41.32,69200
69300,-41.32,69250
69300,-41.23,69250
69350,-41.23,69300
69350,-40.99,69300
69400,-40.99,69350
69400,-40.01,69350
69450,-40.01,69400
69450,-38.83,69400
69500,-38.83,69450
69500,-38.25,69450
69550,-38.25,69500
69550,-37.92,69500
69600,-37.92,69550
69600,-40.54,69550
69650,-40.54,69600
69650,-42.73,69600
69700,-42.73,69650
69700,-42.97,69650
69750,-42.97,69700
69750,-42.24,69700
69800,-42.24,69750
69800,-41.96,69750
69850,-41.96,69800
69850,-41.86,69800
69900,-41.86,69850
69900,-43.21,69850
69950,-43.21,69900
69950,-43.35,69900
70000,-43.35,69950
70000,-42.57,69950
70050,-42.57,70000
70050,-42.3,70000
70100,-42.3,70050
70100,-41.32,70050
70150,-41.32,70100
70150,-41.45,70100
70200,-41.45,70150
70200,-41.48,70150
70250,-41.48,70200
70250,-41.55,70200
70300,-41.55,70250
70300,-41.83,70250
70350,-41.83,70300
70350,-41.42,70300
70400,-41.42,70350
70400,-40.38,70350
70450,-40.38,70400
70450,-40.99,70400
70500,-40.99,70450
70500,-40.18,70450
70550,-40.18,70500
70550,-40.16,70500
70600,-40.16,70550
70600,-40.34,70550
70650,-40.34,70600
70650,-40.42,70600
70700,-40.42,70650
70700,-40.5,70650
70750,-40.5,70700
70750,-39.92,70700
70800,-39.92,70750
70800,-39.83,70750
70850,-39.83,70800
70850,-38.67,70800
70900,-38.67,70850
70900,-38.11,70850
70950,-38.11,70900
70950,-37.92,70900
71000,-37.92,70950
71000,-37.9,70950
71050,-37.9,71000
71050,-38.11,71000
71100,-38.11,71050
71100,-38.37,71050
71150,-38.37,71100
71150,-37.97,71100
71200,-37.97,71150
71200,-38.47,71150
71250,-38.47,71200
71250,-37.87,71200
71300,-37.87,71250
71300,-38.08,71250
71350,-38.08,71300
71350,-37.87,71300
71400,-37.87,71350
71400,-38.82,71350
71450,-38.82,71400
71450,-37.78,71400
71500,-37.78,71450
71500,-37.47,71450
71550,-37.47,71500
71550,-37.75,71500
71600,-37.75,71550
71600,-38.48,71550
71650,-38.48,71600
71650,-37.73,71600
71700,-37.73,71650
71700,-37.5,71650
71750,-37.5,71700
71750,-37.77,71700
71800,-37.77,71750
71800,-37.29,71750
71850,-37.29,71800
71850,-36.96,71800
71900,-36.96,71850
71900,-37.39,71850
71950,-37.39,71900
71950,-37.25,71900
72000,-37.25,71950
72000,-37.39,71950
72050,-37.39,72000
72050,-36.4,72000
72100,-36.4,72050
72100,-36.73,72050
72150,-36.73,72100
72150,-36.09,72100
72200,-36.09,72150
72200,-36.36,72150
72250,-36.36,72200
72250,-36.45,72200
72300,-36.45,72250
72300,-36.8,72250
72350,-36.8,72300
72350,-40.3,72300
72400,-40.3,72350
72400,-42.41,72350
72450,-42.41,72400
72450,-42.82,72400
72500,-42.82,72450
72500,-42.13,72450
72550,-42.13,72500
72550,-42.77,72500
72600,-42.77,72550
72600,-42.69,72550
72650,-42.69,72600
72650,-43.46,72600
72700,-43.46,72650
72700,-43.24,72650
72750,-43.24,72700
72750,-43.66,72700
72800,-43.66,72750
72800,-43.55,72750
72850,-43.55,72800
72850,-41.85,72800
72900,-41.85,72850
72900,-41.94,72850
72950,-41.94,72900
72950,-42.42,72900
73000,-42.42,72950
73000,-41.96,72950
73050,-41.96,73000
73050,-43.15,73000
73100,-43.15,73050
73100,-42.6,73050
73150,-42.6,73100
73150,-41.61,73100
73200,-41.61,73150
73200,-41.98,73150
73250,-41.98,73200
73250,-42.33,73200
73300,-42.33,73250
73300,-42.67,73250
73350,-42.67,73300
73350,-43.27,73300
73400,-43.27,73350
73400,-43.74,73350
73450,-43.74,73400
73450,-43.5,73400
73500,-43.5,73450
73500,-43.01,73450
73550,-43.01,73500
73550,-43.31,73500
73600,-43.31,73550
73600,-43.05,73550
73650,-43.05,73600
73650,-42.68,73600
73700,-42.68,73650
73700,-43.22,73650
73750,-43.22,73700
73750,-43.55,73700
73800,-43.55,73750
73800,-44.03,73750
73850,-44.03,73800
73850,-42.62,73800
73900,-42.62,73850
73900,-42.87,73850
73950,-42.87,73900
73950,-43.5,73900
74000,-43.5,73950
74000,-42.35,73950
74050,-42.35,74000
74050,-42.14,74000
74100,-42.14,74050
74100,-40.81,74050
74150,-40.81,74100
74150,-40.84,74100
74200,-40.84,74150
74200,-39.86,74150
74250,-39.86,74200
74250,-38.59,74200
74300,-38.59,74250
74300,-39.24,74250
74350,-39.24,74300
74350,-39.88,74300
74400,-39.88,74350
74400,-39.49,74350
74450,-39.49,74400
74450,-39.26,74400
74500,-39.26,74450
74500,-38.96,74450
74550,-38.96,74500
74550,-39.13,74500
74600,-39.13,74550
74600,-39.29,74550
74650,-39.29,74600
74650,-39.46,74600
74700,-39.46,74650
74700,-38.89,74650
74750,-38.89,74700
74750,-38.88,74700
74800,-38.88,74750
74800,-38.82,74750
74850,-38.82,74800
74850,-38.46,74800
74900,-38.46,74850
74900,-38.19,74850
74950,-38.19,74900
74950,-38.48,74900
75000,-38.48,74950
75000,-38.24,74950
75050,-38.24,75000
75050,-38.18,75000
75100,-38.18,75050
75100,-38.54,75050
75150,-38.54,75100
75150,-38.5,75100
75200,-38.5,75150
75200,-37.91,75150
75250,-37.91,75200
75250,-38.05,75200
75300,-38.05,75250
75300,-38.34,75250
75350,-38.34,75300
75350,-37.9,75300
75400,-37.9,75350
75400,-38.28,75350
75450,-38.28,75400
75450,-37.7,75400
75500,-37.7,75450
75500,-38.2,75450
75550,-38.2,75500
75550,-37.39,75500
75600,-37.39,75550
75600,-37.75,75550
75650,-37.75,75600
75650,-37.1,75600
75700,-37.1,75650
75700,-37.05,75650
75750,-37.05,75700
75750,-36.97,75700
75800,-36.97,75750
75800,-37.38,75750
75850,-37.38,75800
75850,-37.32,75800
75900,-37.32,75850
75900,-37.4,75850
75950,-37.4,75900
75950,-37.48,75900
76000,-37.48,75950
76000,-36.98,75950
76050,-36.98,76000
76050,-36.89,76000
76100,-36.89,76050
76100,-36.42,76050
76150,-36.42,76100
76150,-36.96,76100
76200,-36.96,76150
76200,-36.82,76150
76250,-36.82,76200
76250,-36.71,76200
76300,-36.71,76250
76300,-36.6,76250
76350,-36.6,76300
76350,-36.59,76300
76400,-36.59,76350
76400,-37.27,76350
76450,-37.27,76400
76450,-40.17,76400
76500,-40.17,76450
76500,-41.9,76450
76550,-41.9,76500
76550,-41.89,76500
76600,-41.89,76550
76600,-41.05,76550
76650,-41.05,76600
76650,-42.16,76600
76700,-42.16,76650
76700,-41.56,76650
76750,-41.56,76700
76750,-41.11,76700
76800,-41.11,76750
76800,-41.16,76750
76850,-41.16,76800
76850,-41.42,76800
76900,-41.42,76850
76900,-42.18,76850
76950,-42.18,76900
76950,-42.92,76900
77000,-42.92,76950
77000,-41.88,76950
77050,-41.88,77000
77050,-40.95,77000
77100,-40.95,77050
77100,-41.95,77050
77150,-41.95,77100
77150,-42.33,77100
77200,-42.33,77150
77200,-41.5,77150
77250,-41.5,77200
77250,-41.4,77200
77300,-41.4,77250
77300,-41.53,77250
77350,-41.53,77300
77350,-42.18,77300
77400,-42.18,77350
77400,-41.84,77350
77450,-41.84,77400
77450,-42.27,77400
77500,-42.27,77450
77500,-42.3,77450
77550,-42.3,77500
77550,-42.31,77500
77600,-42.31,77550
77600,-41.73,77550
77650,-41.73,77600
77650,-40.77,77600
77700,-40.77,77650
77700,-40.43,77650
77750,-40.43,77700
77750,-40.44,77700
77800,-40.44,77750
77800,-38.64,77750
77850,-38.64,77800
77850,-39.25,77800
77900,-39.25,77850
77900,-38.63,77850
77950,-38.63,77900
77950,-38.56,77900
78000,-38.56,77950
78000,-38.61,77950
78050,-38.61,78000
78050,-38.62,78000
78100,-38.62,78050
78100,-39.01,78050
78150,-39.01,78100
78150,-39.87,78100
78200,-39.87,78150
78200,-40.15,78150
78250,-40.15,78200
78250,-39.55,78200
78300,-39.55,78250
78300,-39.89,78250
78350,-39.89,78300
78350,-39.55,78300
78400,-39.55,78350
78400,-39.23,78350
78450,-39.23,78400
78450,-39.09,78400
78500,-39.09,78450
78500,-39.17,78450
78550,-39.17,78500
78550,-39.34,78500
78600,-39.34,78550
78600,-38.9,78550
78650,-38.9,78600
78650,-38.71,78600
78700,-38.71,78650
78700,-39.14,78650
78750,-39.14,78700
78750,-37.84,78700
78800,-37.84,78750
78800,-38.24,78750
78850,-38.24,78800
78850,-38.24,78800
78900,-38.24,78850
78900,-38.3,78850
78950,-38.3,78900
78950,-38.15,78900
79000,-38.15,78950
79000,-38.23,78950
79050,-38.23,79000
79050,-38.48,79000
79100,-38.48,79050
79100,-38.39,79050
79150,-38.39,79100
79150,-37.61,79100
79200,-37.61,79150
79200,-37.38,79150
79250,-37.38,79200
79250,-39.13,79200
79300,-39.13,79250
79300,-38.93,79250
79350,-38.93,79300
79350,-38.85,79300
79400,-38.85,79350
79400,-39.16,79350
79450,-39.16,79400
79450,-38.84,79400
79500,-38.84,79450
79500,-38.41,79450
79550,-38.41,79500
79550,-39.17,79500
79600,-39.17,79550
79600,-38.89,79550
79650,-38.89,79600
79650,-39.07,79600
79700,-39.07,79650
79700,-38.47,79650
79750,-38.47,79700
79750,-39.04,79700
79800,-39.04,79750
79800,-39.3,79750
79850,-39.3,79800
79850,-38.09,79800
79900,-38.09,79850
79900,-38.76,79850
79950,-38.76,79900
79950,-38.37,79900
80000,-38.37,79950
80000,-38.31,79950
80050,-38.31,80000
80050,-38.35,80000
80100,-38.35,80050
80100,-38.33,80050
80150,-38.33,80100
80150,-37.9,80100
80200,-37.9,80150
80200,-38.68,80150
80250,-38.68,80200
80250,-38.7,80200
80300,-38.7,80250
80300,-37.9,80250
80350,-37.9,80300
80350,-38.18,80300
80400,-38.18,80350
80400,-38.52,80350
80450,-38.52,80400
80450,-38.27,80400
80500,-38.27,80450
80500,-37.8,80450
80550,-37.8,80500
80550,-37.96,80500
80600,-37.96,80550
80600,-38.15,80550
80650,-38.15,80600
80650,-38.23,80600
80700,-38.23,80650
80700,-37.82,80650
80750,-37.82,80700
80750,-38.08,80700
80800,-38.08,80750
80800,-38.25,80750
80850,-38.25,80800
80850,-37.85,80800
80900,-37.85,80850
80900,-37.43,80850
80950,-37.43,80900
80950,-37.74,80900
81000,-37.74,80950
81000,-37.92,80950
81050,-37.92,81000
81050,-37.3,81000
81100,-37.3,81050
81100,-38.15,81050
81150,-38.15,81100
81150,-37.72,81100
81200,-37.72,81150
81200,-37.48,81150
81250,-37.48,81200
81250,-36.94,81200
81300,-36.94,81250
81300,-37.42,81250
81350,-37.42,81300
81350,-37.27,81300
81400,-37.27,81350
81400,-37.53,81350
81450,-37.53,81400
81450,-37.05,81400
81500,-37.05,81450
81500,-37.44,81450
81550,-37.44,81500
81550,-37.2,81500
81600,-37.2,81550
81600,-37.21,81550
81650,-37.21,81600
81650,-37.05,81600
81700,-37.05,81650
81700,-36.78,81650
81750,-36.78,81700
81750,-37.05,81700
81800,-37.05,81750
81800,-36.51,81750
81850,-36.51,81800
81850,-36.79,81800
81900,-36.79,81850
81900,-36.64,81850
81950,-36.64,81900
81950,-37.14,81900
82000,-37.14,81950
82000,-36.86,81950
82050,-36.86,82000
82050,-36.5,82000
82100,-36.5,82050
82100,-36.97,82050
82150,-36.97,82100
82150,-37.07,82100
82200,-37.07,82150
82200,-36.9,82150
82250,-36.9,82200
82250,-36.69,82200
82300,-36.69,82250
82300,-36.91,82250
82350,-36.91,82300
82350,-37.53,82300
82400,-37.53,82350
82400,-37.35,82350
82450,-37.35,82400
82450,-37.06,82400
82500,-37.06,82450
82500,-37.15,82450
82550,-37.15,82500
82550,-37.23,82500
82600,-37.23,82550
82600,-36.36,82550
82650,-36.36,82600
82650,-36.96,82600
82700,-36.96,82650
82700,-36.9,82650
82750,-36.9,82700
82750,-36.94,82700
82800,-36.94,82750
82800,-36.93,82750
82850,-36.93,82800
82850,-36.77,82800
82900,-36.77,82850
82900,-37.01,82850
82950,-37.01,82900
82950,-37.06,82900
83000,-37.06,82950
83000,-36.78,82950
83050,-36.78,83000
83050,-35.9,83000
83100,-35.9,83050
83100,-36.09,83050
83150,-36.09,83100
83150,-36.52,83100
83200,-36.52,83150
83200,-37.06,83150
83250,-37.06,83200
83250,-36.93,83200
83300,-36.93,83250
83300,-36.88,83250
83350,-36.88,83300
83350,-36.65,83300
83400,-36.65,83350
83400,-37.16,83350
83450,-37.16,83400
83450,-36.91,83400
83500,-36.91,83450
83500,-36.55,83450
83550,-36.55,83500
83550,-35.87,83500
83600,-35.87,83550
83600,-36.3,83550
83650,-36.3,83600
83650,-36.19,83600
83700,-36.19,83650
83700,-36.04,83650
83750,-36.04,83700
83750,-36.65,83700
83800,-36.65,83750
83800,-37.03,83750
83850,-37.03,83800
83850,-36.73,83800
83900,-36.73,83850
83900,-36.64,83850
83950,-36.64,83900
83950,-36.42,83900
84000,-36.42,83950
84000,-36.42,83950
84050,-36.42,84000
84050,-36.42,84000
84100,-36.42,84050
84100,-36.55,84050
84150,-36.55,84100
84150,-37.18,84100
84200,-37.18,84150
84200,-36.57,84150
84250,-36.57,84200
84250,-36.8,84200
84300,-36.8,84250
84300,-36.56,84250
84350,-36.56,84300
84350,-36.47,84300
84400,-36.47,84350
84400,-35.99,84350
84450,-35.99,84400
84450,-36.09,84400
84500,-36.09,84450
84500,-36.08,84450
84550,-36.08,84500
84550,-35.77,84500
84600,-35.77,84550
84600,-35.77,84550
84650,-35.77,84600
84650,-35.18,84600
84700,-35.18,84650
84700,-35.69,84650
84750,-35.69,84700
84750,-38.16,84700
84800,-38.16,84750
84800,-38.39,84750
84850,-38.39,84800
84850,-38.94,84800
84900,-38.94,84850
84900,-38.59,84850
84950,-38.59,84900
84950,-37.84,84900
85000,-37.84,84950
85000,-36.04,84950
85050,-36.04,85000
85050,-38.33,85000
85100,-38.33,85050
85100,-38.94,85050
85150,-38.94,85100
85150,-38.78,85100
85200,-38.78,85150
85200,-38.79,85150
85250,-38.79,85200
85250,-38.28,85200
85300,-38.28,85250
85300,-38.48,85250
85350,-38.48,85300
85350,-38.68,85300
85400,-38.68,85350
85400,-38.52,85350
85450,-38.52,85400
85450,-39.02,85400
85500,-39.02,85450
85500,-38.62,85450
85550,-38.62,85500
85550,-38.97,85500
85600,-38.97,85550
85600,-39.78,85550
85650,-39.78,85600
85650,-39.06,85600
85700,-39.06,85650
85700,-39.05,85650
85750,-39.05,85700
85750,-39.25,85700
85800,-39.25,85750
85800,-39.21,85750
85850,-39.21,85800
85850,-38.36,85800
85900,-38.36,85850
85900,-39.13,85850
85950,-39.13,85900
85950,-39.77,85900
86000,-39.77,85950
86000,-39.04,85950
86050,-39.04,86000
86050,-39.45,86000
86100,-39.45,86050
86100,-39.19,86050
86150,-39.19,86100
86150,-39.45,86100
86200,-39.45,86150
86200,-39.85,86150
86250,-39.85,86200
86250,-39.72,86200
86300,-39.72,86250
86300,-39.56,86250
86350,-39.56,86300
86350,-39.66,86300
86400,-39.66,86350
86400,-39.6,86350
86450,-39.6,86400
86450,-40.08,86400
86500,-40.08,86450
86500,-39.95,86450
86550,-39.95,86500
86550,-39.8,86500
86600,-39.8,86550
86600,-40.15,86550
86650,-40.15,86600
86650,-39.71,86600
86700,-39.71,86650
86700,-40.23,86650
86750,-40.23,86700
86750,-39.54,86700
86800,-39.54,86750
86800,-40.82,86750
86850,-40.82,86800
86850,-40.44,86800
86900,-40.44,86850
86900,-40.47,86850
86950,-40.47,86900
86950,-40.28,86900
87000,-40.28,86950
87000,-41.16,86950
87050,-41.16,87000
87050,-40.66,87000
87100,-40.66,87050
87100,-41.26,87050
87150,-41.26,87100
87150,-41.15,87100
87200,-41.15,87150
87200,-39.35,87150
87250,-39.35,87200
87250,-39.33,87200
87300,-39.33,87250
87300,-40.12,87250
87350,-40.12,87300
87350,-40.59,87300
87400,-40.59,87350
87400,-39.85,87350
87450,-39.85,87400
87450,-40.08,87400
87500,-40.08,87450
87500,-40.04,87450
87550,-40.04,87500
87550,-39.86,87500
87600,-39.86,87550
87600,-39.84,87550
87650,-39.84,87600
87650,-38.72,87600
87700,-38.72,87650
87700,-37.96,87650
87750,-37.96,87700
87750,-38.19,87700
87800,-38.19,87750
87800,-38.61,87750
87850,-38.61,87800
87850,-38.96,87800
87900,-38.96,87850
87900,-39.62,87850
87950,-39.62,87900
87950,-39.43,87900
88000,-39.43,87950
88000,-38.79,87950
88050,-38.79,88000
88050,-38.12,88000
88100,-38.12,88050
88100,-38.32,88050
88150,-38.32,88100
88150,-38.38,88100
88200,-38.38,88150
88200,-38.44,88150
88250,-38.44,88200
88250,-38.52,88200
88300,-38.52,88250
88300,-37.93,88250
88350,-37.93,88300
88350,-37.66,88300
88400,-37.66,88350
88400,-37.89,88350
88450,-37.89,88400
88450,-37.84,88400
88500,-37.84,88450
88500,-37.96,88450
88550,-37.96,88500
88550,-38.2,88500
88600,-38.2,88550
88600,-38.25,88550
88650,-38.25,88600
88650,-38.03,88600
88700,-38.03,88650
88700,-38.25,88650
88750,-38.25,88700
88750,-38.35,88700
88800,-38.35,88750
88800,-39.04,88750
88850,-39.04,88800
88850,-38.73,88800
88900,-38.73,88850
88900,-38.6,88850
88950,-38.6,88900
88950,-37.98,88900
89000,-37.98,88950
89000,-38.07,88950
89050,-38.07,89000
89050,-37.8,89000
89100,-37.8,89050
89100,-37.86,89050
89150,-37.86,89100
89150,-38.23,89100
89200,-38.23,89150
89200,-38.05,89150
89250,-38.05,89200
89250,-38.11,89200
89300,-38.11,89250
89300,-37.33,89250
89350,-37.33,89300
89350,-37.38,89300
89400,-37.38,89350
89400,-37.63,89350
89450,-37.63,89400
89450,-37.69,89400
89500,-37.69,89450
89500,-37.79,89450
89550,-37.79,89500
89550,-37.77,89500
89600,-37.77,89550
89600,-37.69,89550
89650,-37.69,89600
89650,-37.47,89600
89700,-37.47,89650
89700,-37.7,89650
89750,-37.7,89700
89750,-38.06,89700
89800,-38.06,89750
89800,-38.09,89750
89850,-38.09,89800
89850,-38.57,89800
89900,-38.57,89850
89900,-38.42,89850
89950,-38.42,89900
89950,-37.91,89900
90000,-37.91,89950
90000,-38.19,89950
90050,-38.19,90000
90050,-39.91,90000
90100,-39.91,90050
90100,-39.68,90050
90150,-39.68,90100
90150,-39.12,90100
90200,-39.12,90150
90200,-38.8,90150
90250,-38.8,90200
90250,-39.42,90200
90300,-39.42,90250
90300,-39.03,90250
90350,-39.03,90300
90350,-39.04,90300
90400,-39.04,90350
90400,-39.03,90350
90450,-39.03,90400
90450,-38.92,90400
90500,-38.92,90450
90500,-38.9,90450
90550,-38.9,90500
90550,-38.88,90500
90600,-38.88,90550
90600,-38.77,90550
90650,-38.77,90600
90650,-39.26,90600
90700,-39.26,90650
90700,-39.82,90650
90750,-39.82,90700
90750,-39.47,90700
90800,-39.47,90750
90800,-39.44,90750
90850,-39.44,90800
90850,-39.28,90800
90900,-39.28,90850
90900,-38.69,90850
90950,-38.69,90900
90950,-39.35,90900
91000,-39.35,90950
91000,-39.05,90950
91050,-39.05,91000
91050,-38.73,91000
91100,-38.73,91050
91100,-39.28,91050
91150,-39.28,91100
91150,-39.68,91100
91200,-39.68,91150
91200,-39.38,91150
91250,-39.38,91200
91250,-39.39,91200
91300,-39.39,91250
91300,-38.75,91250
91350,-38.75,91300
91350,-39.39,91300
91400,-39.39,91350
91400,-39.39,91350
91450,-39.39,91400
91450,-39.53,91400
91500,-39.53,91450
91500,-39.86,91450
91550,-39.86,91500
91550,-39.19,91500
91600,-39.19,91550
91600,-38.9,91550
91650,-38.9,91600
91650,-39.63,91600
91700,-39.63,91650
91700,-39.97,91650
91750,-39.97,91700
91750,-39.57,91700
91800,-39.57,91750
91800,-39.64,91750
91850,-39.64,91800
91850,-39.85,91800
91900,-39.85,91850
91900,-39.2,91850
91950,-39.2,91900
91950,-38.99,91900
92000,-38.99,91950
92000,-39.62,91950
92050,-39.62,92000
92050,-39.23,92000
92100,-39.23,92050
92100,-39.78,92050
92150,-39.78,92100
92150,-39.69,92100
92200,-39.69,92150
92200,-38.96,92150
92250,-38.96,92200
92250,-39.66,92200
92300,-39.66,92250
92300,-39.21,92250
92350,-39.21,92300
92350,-39.76,92300
92400,-39.76,92350
92400,-38.78,92350
92450,-38.78,92400
92450,-39.03,92400
92500,-39.03,92450
92500,-39.4,92450
92550,-39.4,92500
92550,-39.02,92500
92600,-39.02,92550
92600,-39.41,92550
92650,-39.41,92600
92650,-39.52,92600
92700,-39.52,92650
92700,-39.53,92650
92750,-39.53,92700
92750,-39.86,92700
92800,-39.86,92750
92800,-39.49,92750
92850,-39.49,92800
92850,-40.09,92800
92900,-40.09,92850
92900,-40.47,92850
92950,-40.47,92900
92950,-39.37,92900
93000,-39.37,92950
93000,-39.34,92950
93050,-39.34,93000
93050,-39.84,93000
93100,-39.84,93050
93100,-39.38,93050
93150,-39.38,93100
93150,-39.23,93100
93200,-39.23,93150
93200,-39.27,93150
93250,-39.27,93200
93250,-39.26,93200
93300,-39.26,93250
93300,-39.38,93250
93350,-39.38,93300
93350,-39.51,93300
93400,-39.51,93350
93400,-39.38,93350
93450,-39.38,93400
93450,-39.36,93400
93500,-39.36,93450
93500,-39.24,93450
93550,-39.24,93500
93550,-38.95,93500
93600,-38.95,93550
93600,-38.66,93550
93650,-38.66,93600
93650,-39.33,93600
93700,-39.33,93650
93700,-39.02,93650
93750,-39.02,93700
93750,-39.42,93700
93800,-39.42,93750
93800,-39.39,93750
93850,-39.39,93800
93850,-39.23,93800
93900,-39.23,93850
93900,-39.2,93850
93950,-39.2,93900
93950,-38.66,93900
94000,-38.66,93950
94000,-39.12,93950
94050,-39.12,94000
94050,-39.24,94000
94100,-39.24,94050
94100,-39.25,94050
94150,-39.25,94100
94150,-39.28,94100
94200,-39.28,94150
94200,-39.21,94150
94250,-39.21,94200
94250,-39.02,94200
94300,-39.02,94250
94300,-39.38,94250
94350,-39.38,94300
94350,-39.37,94300
94400,-39.37,94350
94400,-38.7,94350
94450,-38.7,94400
94450,-38.57,94400
94500,-38.57,94450
94500,-38.82,94450
94550,-38.82,94500
94550,-38.88,94500
94600,-38.88,94550
94600,-38.84,94550
94650,-38.84,94600
94650,-38.82,94600
94700,-38.82,94650
94700,-38.4,94650
94750,-38.4,94700
94750,-38.49,94700
94800,-38.49,94750
94800,-38.74,94750
94850,-38.74,94800
94850,-38.9,94800
94900,-38.9,94850
94900,-38.98,94850
94950,-38.98,94900
94950,-39.3,94900
95000,-39.3,94950
95000,-39.25,94950
95050,-39.25,95000
95050,-39.16,95000
95100,-39.16,95050
95100,-39.23,95050
95150,-39.23,95100
95150,-39.11,95100
95200,-39.11,95150
95200,-38.33,95150
95250,-38.33,95200
95250,-38.91,95200
95300,-38.91,95250
95300,-39.4,95250
95350,-39.4,95300
95350,-38.38,95300
95400,-38.38,95350
95400,-38.37,95350
95450,-38.37,95400
95450,-38.52,95400
95500,-38.52,95450
95500,-38.52,95450
95550,-38.52,95500
95550,-38.55,95500
95600,-38.55,95550
95600,-38.73,95550
95650,-38.73,95600
95650,-38.73,95600
95700,-38.73,95650
95700,-38.73,95650
95750,-38.73,95700
95750,-39.09,95700
95800,-39.09,95750
95800,-38.83,95750
95850,-38.83,95800
95850,-38.52,95800
95900,-38.52,95850
95900,-38.73,95850
95950,-38.73,95900
95950,-38.64,95900
96000,-38.64,95950
96000,-38.47,95950
96050,-38.47,96000
96050,-38.52,96000
96100,-38.52,96050
96100,-38.66,96050
96150,-38.66,96100
96150,-38.89,96100
96200,-38.89,96150
96200,-38.91,96150
96250,-38.91,96200
96250,-38.89,96200
96300,-38.89,96250
96300,-38.87,96250
96350,-38.87,96300
96350,-38.91,96300
96400,-38.91,96350
96400,-38.75,96350
96450,-38.75,96400
96450,-38.58,96400
96500,-38.58,96450
96500,-38.17,96450
96550,-38.17,96500
96550,-38.55,96500
96600,-38.55,96550
96600,-38.74,96550
96650,-38.74,96600
96650,-39.51,96600
96700,-39.51,96650
96700,-39.14,96650
96750,-39.14,96700
96750,-38.77,96700
96800,-38.77,96750
96800,-38.77,96750
96850,-38.77,96800
96850,-38.8,96800
96900,-38.8,96850
96900,-38.88,96850
96950,-38.88,96900
96950,-38.86,96900
97000,-38.86,96950
97000,-38.84,96950
97050,-38.84,97000
97050,-38.97,97000
97100,-38.97,97050
97100,-38.96,97050
97150,-38.96,97100
97150,-38.9,97100
97200,-38.9,97150
97200,-38.28,97150
97250,-38.28,97200
97250,-38.21,97200
97300,-38.21,97250
97300,-38.45,97250
97350,-38.45,97300
97350,-38.56,97300
97400,-38.56,97350
97400,-38.56,97350
97450,-38.56,97400
97450,-38.49,97400
97500,-38.49,97450
97500,-38.55,97450
97550,-38.55,97500
97550,-38.7,97500
97600,-38.7,97550
97600,-38.58,97550
97650,-38.58,97600
97650,-38.31,97600
97700,-38.31,97650
97700,-38.27,97650
97750,-38.27,97700
97750,-38.16,97700
97800,-38.16,97750
97800,-38.18,97750
97850,-38.18,97800
97850,-38.24,97800
97900,-38.24,97850
97900,-38.27,97850
97950,-38.27,97900
97950,-38.34,97900
98000,-38.34,97950
98000,-38.35,97950
98050,-38.35,98000
98050,-38.35,98000
98100,-38.35,98050
98100,-38.32,98050
98150,-38.32,98100
98150,-38.03,98100
98200,-38.03,98150
98200,-38.05,98150
98250,-38.05,98200
98250,-38.23,98200
98300,-38.23,98250
98300,-38.25,98250
98350,-38.25,98300
98350,-38.2,98300
98400,-38.2,98350
98400,-38.14,98350
98450,-38.14,98400
98450,-37.71,98400
98500,-37.71,98450
98500,-37.79,98450
98550,-37.79,98500
98550,-37.91,98500
98600,-37.91,98550
98600,-38.15,98550
98650,-38.15,98600
98650,-37.88,98600
98700,-37.88,98650
98700,-37.96,98650
98750,-37.96,98700
98750,-38.32,98700
98800,-38.32,98750
98800,-37.91,98750
98850,-37.91,98800
98850,-38.11,98800
98900,-38.11,98850
98900,-38.02,98850
98950,-38.02,98900
98950,-37.15,98900
99000,-37.15,98950
99000,-38.01,98950
99050,-38.01,99000
99050,-37.97,99000
99100,-37.97,99050
99100,-37.49,99050
99150,-37.49,99100
99150,-37.92,99100
99200,-37.92,99150
99200,-37.6,99150
99250,-37.6,99200
99250,-37.27,99200
99300,-37.27,99250
99300,-37.45,99250
99350,-37.45,99300
99350,-37.49,99300
99400,-37.49,99350
99400,-37.65,99350
99450,-37.65,99400
99450,-37.97,99400
99500,-37.97,99450
99500,-38.12,99450
99550,-38.12,99500
99550,-37.85,99500
99600,-37.85,99550
99600,-37.65,99550
99650,-37.65,99600
99650,-37.48,99600
99700,-37.48,99650
99700,-37.88,99650
99750,-37.88,99700
99750,-37.77,99700
99800,-37.77,99750
99800,-37.65,99750
99850,-37.65,99800
99850,-37.55,99800
99900,-37.55,99850
99900,-37.83,99850
99950,-37.83,99900
99950,-37.86,99900
100000,-37.86,99950
100000,-37.76,99950
100050,-37.76,100000
100050,-37.42,100000
100100,-37.42,100050
100100,-37.42,100050
100150,-37.42,100100
100150,-37.35,100100
100200,-37.35,100150
100200,-37.29,100150
100250,-37.29,100200
100250,-37.36,100200
100300,-37.36,100250
100300,-37.14,100250
100350,-37.14,100300
100350,-37.21,100300
100400,-37.21,100350
100400,-37.39,100350
100450,-37.39,100400
100450,-37.02,100400
100500,-37.02,100450
100500,-37.32,100450
100550,-37.32,100500
100550,-37.39,100500
100600,-37.39,100550
100600,-37.08,100550
100650,-37.08,100600
100650,-36.98,100600
100700,-36.98,100650
100700,-37.01,100650
100750,-37.01,100700
100750,-37.07,100700
100800,-37.07,100750
100800,-37.02,100750
100850,-37.02,100800
100850,-37.22,100800
100900,-37.22,100850
100900,-37.3,100850
100950,-37.3,100900
100950,-37.25,100900
101000,-37.25,100950
101000,-36.93,100950
101050,-36.93,101000
101050,-37.03,101000
101100,-37.03,101050
101100,-37.05,101050
101150,-37.05,101100
101150,-36.84,101100
101200,-36.84,101150
101200,-36.91,101150
101250,-36.91,101200
101250,-37.24,101200
101300,-37.24,101250
101300,-37.41,101250
101350,-37.41,101300
101350,-37.21,101300
101400,-37.21,101350
101400,-37.33,101350
101450,-37.33,101400
101450,-37.19,101400
101500,-37.19,101450
101500,-37.08,101450
101550,-37.08,101500
101550,-37.35,101500
101600,-37.35,101550
101600,-36.77,101550
101650,-36.77,101600
101650,-36.64,101600
101700,-36.64,101650
101700,-36.67,101650
101750,-36.67,101700
101750,-36.78,101700
101800,-36.78,101750
101800,-36.75,101750
101850,-36.75,101800
101850,-36.77,101800
101900,-36.77,101850
101900,-36.73,101850
101950,-36.73,101900
101950,-36.51,101900
102000,-36.51,101950
102000,-36.76,101950
102050,-36.76,102000
102050,-36.71,102000
102100,-36.71,102050
102100,-36.61,102050
102150,-36.61,102100
102150,-36.52,102100
102200,-36.52,102150
102200,-36.45,102150
102250,-36.45,102200
102250,-36.61,102200
102300,-36.61,102250
102300,-36.45,102250
102350,-36.45,102300
102350,-36.25,102300
102400,-36.25,102350
102400,-37.07,102350
102450,-37.07,102400
102450,-36.72,102400
102500,-36.72,102450
102500,-36.65,102450
102550,-36.65,102500
102550,-36.52,102500
102600,-36.52,102550
102600,-36.15,102550
102650,-36.15,102600
102650,-36.88,102600
102700,-36.88,102650
102700,-36.44,102650
102750,-36.44,102700
102750,-36.41,102700
102800,-36.41,102750
102800,-36.91,102750
102850,-36.91,102800
102850,-36.44,102800
102900,-36.44,102850
102900,-36.35,102850
102950,-36.35,102900
102950,-36.44,102900
103000,-36.44,102950
103000,-36.44,102950
103050,-36.44,103000
103050,-36.16,103000
103100,-36.16,103050
103100,-35.66,103050
103150,-35.66,103100
103150,-35.8,103100
103200,-35.8,103150
103200,-35.82,103150
103250,-35.82,103200
103250,-35.87,103200
103300,-35.87,103250
103300,-36.53,103250
103350,-36.53,103300
103350,-36.58,103300
103400,-36.58,103350
103400,-36.77,103350
103450,-36.77,103400
103450,-36.77,103400
103500,-36.77,103450
103500,-36.39,103450
103550,-36.39,103500
103550,-36.74,103500
103600,-36.74,103550
103600,-36.75,103550
103650,-36.75,103600
103650,-37.01,103600
103700,-37.01,103650
103700,-37.38,103650
103750,-37.38,103700
103750,-36.52,103700
103800,-36.52,103750
103800,-36.77,103750
103850,-36.77,103800
103850,-37.22,103800
103900,-37.22,103850
103900,-37.67,103850
103950,-37.67,103900
103950,-38.09,103900
104000,-38.09,103950
