,experiment,layer_id,numModules,Perplexity,jaccard
1,1,1,1,1,1
2,1,2,1,1,1
3,1,3,1,1,1
4,1,4,1,1,1
5,1,5,1,1,1
6,1,6,1,1,1
7,1,7,1,1,1
8,1,8,1,1,1
9,1,9,1,1,1
10,1,10,1,1,1
11,1,11,1,1,1
12,1,12,1,1,1
13,1,13,1,1,1
14,1,14,1,1,1
15,1,15,1,1,1
16,1,16,1,1,1
17,1,17,1,1,1
18,1,18,1,1,1
19,1,19,1,1,1
20,1,20,1,1,1
21,1,21,1,1,1
22,1,22,1,1,1
23,1,23,1,1,1
24,1,24,1,1,1
25,1,25,1,1,1
26,1,26,1,1,1
27,1,27,1,1,1
28,1,28,1,1,1
29,1,29,1,1,1
30,1,30,1,1,1
31,1,31,1,1,1
32,1,32,1,1,1
33,2,1,1,1,1
34,2,2,2,1.28262695,0.902376033
35,2,3,1,1,1
36,2,4,1,1,1
37,2,5,1,1,1
38,2,6,1,1,1
39,2,7,1,1,1
40,2,8,1,1,1
41,2,9,5,4.5429613,0.244081633
42,2,10,1,1,1
43,2,11,1,1,1
44,2,12,1,1,1
45,2,13,1,1,1
46,2,14,2,1.796701742,0.665289256
47,2,15,1,1,1
48,2,16,1,1,1
49,2,17,1,1,1
50,2,18,1,1,1
51,2,19,1,1,1
52,2,20,1,1,1
53,2,21,2,1.526090273,0.7975
54,2,22,1,1,1
55,2,23,1,1,1
56,2,24,1,1,1
57,2,25,1,1,1
58,2,26,1,1,1
59,2,27,1,1,1
60,2,28,1,1,1
61,2,29,1,1,1
62,2,30,1,1,1
63,2,31,1,1,1
64,2,32,1,1,1
65,3,1,2,1.219590618,0.9275
66,3,2,2,1.28262695,0.902376033
67,3,3,1,1,1
68,3,4,1,1,1
69,3,5,1,1,1
70,3,6,1,1,1
71,3,7,1,1,1
72,3,8,2,1.432534349,0.839102217
73,3,9,3,2.900829906,0.406938776
74,3,10,1,1,1
75,3,11,1,1,1
76,3,12,1,1,1
77,3,13,1,1,1
78,3,14,2,1.796701742,0.665289256
79,3,15,1,1,1
80,3,16,1,1,1
81,3,17,1,1,1
82,3,18,1,1,1
83,3,19,2,1.521175467,0.799725652
84,3,20,1,1,1
85,3,21,2,1.526090273,0.7975
86,3,22,2,1.189110093,0.939236111
87,3,23,1,1,1
88,3,24,1,1,1
89,3,25,1,1,1
90,3,26,1,1,1
91,3,27,1,1,1
92,3,28,1,1,1
93,3,29,2,1.998628415,0.509602195
94,3,30,1,1,1
95,3,31,1,1,1
96,3,32,1,1,1
97,4,1,1,1,1
98,4,2,2,1.28262695,0.902376033
99,4,3,1,1,1
100,4,4,1,1,1
101,4,5,1,1,1
102,4,6,1,1,1
103,4,7,1,1,1
104,4,8,2,1.432534349,0.839102217
105,4,9,4,3.982318364,0.268979592
106,4,10,1,1,1
107,4,11,1,1,1
108,4,12,1,1,1
109,4,13,1,1,1
110,4,14,2,1.796701742,0.665289256
111,4,15,1,1,1
112,4,16,3,2.77897749,0.455782313
113,4,17,1,1,1
114,4,18,1,1,1
115,4,19,1,1,1
116,4,20,1,1,1
117,4,21,2,1.526090273,0.7975
118,4,22,1,1,1
119,4,23,1,1,1
120,4,24,1,1,1
121,4,25,1,1,1
122,4,26,1,1,1
123,4,27,1,1,1
124,4,28,1,1,1
125,4,29,1,1,1
126,4,30,1,1,1
127,4,31,1,1,1
128,4,32,1,1,1
129,5,1,1,1,1
130,5,2,2,1.28262695,0.902376033
131,5,3,1,1,1
132,5,4,1,1,1
133,5,5,1,1,1
134,5,6,1,1,1
135,5,7,1,1,1
136,5,8,1,1,1
137,5,9,3,2.797062133,0.448571429
138,5,10,1,1,1
139,5,11,1,1,1
140,5,12,1,1,1
141,5,13,1,1,1
142,5,14,1,1,1
143,5,15,1,1,1
144,5,16,1,1,1
145,5,17,1,1,1
146,5,18,1,1,1
147,5,19,1,1,1
148,5,20,1,1,1
149,5,21,2,1.526090273,0.7975
150,5,22,1,1,1
151,5,23,1,1,1
152,5,24,1,1,1
153,5,25,1,1,1
154,5,26,1,1,1
155,5,27,1,1,1
156,5,28,1,1,1
157,5,29,1,1,1
158,5,30,1,1,1
159,5,31,1,1,1
160,5,32,1,1,1
161,6,1,1,1,1
162,6,2,2,1.28262695,0.902376033
163,6,3,1,1,1
164,6,4,1,1,1
165,6,5,1,1,1
166,6,6,1,1,1
167,6,7,1,1,1
168,6,8,1,1,1
169,6,9,3,2.797062133,0.448571429
170,6,10,1,1,1
171,6,11,1,1,1
172,6,12,1,1,1
173,6,13,1,1,1
174,6,14,2,1.796701742,0.665289256
175,6,15,1,1,1
176,6,16,3,2.935819181,0.363945578
177,6,17,2,1.627284557,0.750566893
178,6,18,1,1,1
179,6,19,2,1.521175467,0.799725652
180,6,20,3,1.790659961,0.761814745
181,6,21,1,1,1
182,6,22,1,1,1
183,6,23,1,1,1
184,6,24,1,1,1
185,6,25,1,1,1
186,6,26,1,1,1
187,6,27,1,1,1
188,6,28,1,1,1
189,6,29,1,1,1
190,6,30,1,1,1
191,6,31,1,1,1
192,6,32,1,1,1
193,7,1,1,1,1
194,7,2,2,1.28262695,0.902376033
195,7,3,1,1,1
196,7,4,1,1,1
197,7,5,1,1,1
198,7,6,1,1,1
199,7,7,1,1,1
200,7,8,1,1,1
201,7,9,1,1,1
202,7,10,1,1,1
203,7,11,1,1,1
204,7,12,1,1,1
205,7,13,1,1,1
206,7,14,2,1.796701742,0.665289256
207,7,15,1,1,1
208,7,16,5,4.198557124,0.297052154
209,7,17,1,1,1
210,7,18,1,1,1
211,7,19,2,1.302195976,0.894375857
212,7,20,1,1,1
213,7,21,2,1.649384888,0.74
214,7,22,2,1.189110093,0.939236111
215,7,23,1,1,1
216,7,24,1,1,1
217,7,25,1,1,1
218,7,26,1,1,1
219,7,27,1,1,1
220,7,28,1,1,1
221,7,29,1,1,1
222,7,30,1,1,1
223,7,31,1,1,1
224,7,32,1,1,1
225,8,1,1,1,1
226,8,2,3,1.538072083,0.839359504
227,8,3,1,1,1
228,8,4,1,1,1
229,8,5,1,1,1
230,8,6,1,1,1
231,8,7,1,1,1
232,8,8,2,1.432534349,0.839102217
233,8,9,4,3.982318364,0.268979592
234,8,10,1,1,1
235,8,11,1,1,1
236,8,12,1,1,1
237,8,13,1,1,1
238,8,14,1,1,1
239,8,15,1,1,1
240,8,16,2,1.506993066,0.806122449
241,8,17,1,1,1
242,8,18,1,1,1
243,8,19,1,1,1
244,8,20,1,1,1
245,8,21,2,1.649384888,0.74
246,8,22,1,1,1
247,8,23,1,1,1
248,8,24,1,1,1
249,8,25,1,1,1
250,8,26,1,1,1
251,8,27,1,1,1
252,8,28,1,1,1
253,8,29,1,1,1
254,8,30,1,1,1
255,8,31,2,1.991741215,0.524793388
256,8,32,1,1,1
257,9,1,1,1,1
258,9,2,2,1.28262695,0.902376033
259,9,3,1,1,1
260,9,4,1,1,1
261,9,5,1,1,1
262,9,6,1,1,1
263,9,7,1,1,1
264,9,8,1,1,1
265,9,9,4,3.982318364,0.268979592
266,9,10,1,1,1
267,9,11,1,1,1
268,9,12,1,1,1
269,9,13,1,1,1
270,9,14,1,1,1
271,9,15,1,1,1
272,9,16,4,3.388942792,0.348072562
273,9,17,3,2.181757576,0.634920635
274,9,18,1,1,1
275,9,19,3,2.254820494,0.621399177
276,9,20,1,1,1
277,9,21,2,1.526090273,0.7975
278,9,22,1,1,1
279,9,23,1,1,1
280,9,24,1,1,1
281,9,25,1,1,1
282,9,26,1,1,1
283,9,27,1,1,1
284,9,28,1,1,1
285,9,29,1,1,1
286,9,30,1,1,1
287,9,31,1,1,1
288,9,32,1,1,1
289,10,1,1,1,1
290,10,2,2,1.28262695,0.902376033
291,10,3,1,1,1
292,10,4,1,1,1
293,10,5,1,1,1
294,10,6,1,1,1
295,10,7,1,1,1
296,10,8,2,1.432534349,0.839102217
297,10,9,4,3.995006958,0.253877551
298,10,10,1,1,1
299,10,11,1,1,1
300,10,12,1,1,1
301,10,13,1,1,1
302,10,14,2,1.796701742,0.665289256
303,10,15,1,1,1
304,10,16,1,1,1
305,10,17,1,1,1
306,10,18,1,1,1
307,10,19,1,1,1
308,10,20,1,1,1
309,10,21,2,1.526090273,0.7975
310,10,22,1,1,1
311,10,23,1,1,1
312,10,24,1,1,1
313,10,25,1,1,1
314,10,26,1,1,1
315,10,27,1,1,1
316,10,28,1,1,1
317,10,29,1,1,1
318,10,30,1,1,1
319,10,31,2,1.606630796,0.760330579
320,10,32,1,1,1
321,11,1,1,1,1
322,11,2,3,1.538072083,0.839359504
323,11,3,1,1,1
324,11,4,1,1,1
325,11,5,1,1,1
326,11,6,1,1,1
327,11,7,1,1,1
328,11,8,2,1.497981095,0.810167658
329,11,9,2,1.768350463,0.680408163
330,11,10,1,1,1
331,11,11,1,1,1
332,11,12,1,1,1
333,11,13,1,1,1
334,11,14,1,1,1
335,11,15,1,1,1
336,11,16,2,1.506993066,0.806122449
337,11,17,1,1,1
338,11,18,1,1,1
339,11,19,2,1.521175467,0.799725652
340,11,20,1,1,1
341,11,21,2,1.526090273,0.7975
342,11,22,1,1,1
343,11,23,1,1,1
344,11,24,1,1,1
345,11,25,1,1,1
346,11,26,1,1,1
347,11,27,1,1,1
348,11,28,1,1,1
349,11,29,1,1,1
350,11,30,1,1,1
351,11,31,1,1,1
352,11,32,1,1,1
353,12,1,2,1.219590618,0.9275
354,12,2,2,1.28262695,0.902376033
355,12,3,1,1,1
356,12,4,2,1.428094332,0.841037356
357,12,5,1,1,1
358,12,6,1,1,1
359,12,7,1,1,1
360,12,8,2,1.432534349,0.839102217
361,12,9,4,3.982318364,0.268979592
362,12,10,1,1,1
363,12,11,1,1,1
364,12,12,1,1,1
365,12,13,1,1,1
366,12,14,1,1,1
367,12,15,1,1,1
368,12,16,1,1,1
369,12,17,2,1.627284557,0.750566893
370,12,18,1,1,1
371,12,19,2,1.614726551,0.756515775
372,12,20,1,1,1
373,12,21,2,1.526090273,0.7975
374,12,22,1,1,1
375,12,23,1,1,1
376,12,24,1,1,1
377,12,25,1,1,1
378,12,26,1,1,1
379,12,27,1,1,1
380,12,28,1,1,1
381,12,29,1,1,1
382,12,30,1,1,1
383,12,31,1,1,1
384,12,32,1,1,1
385,13,1,1,1,1
386,13,2,2,1.28262695,0.902376033
387,13,3,1,1,1
388,13,4,1,1,1
389,13,5,1,1,1
390,13,6,1,1,1
391,13,7,1,1,1
392,13,8,2,1.432534349,0.839102217
393,13,9,3,2.797062133,0.448571429
394,13,10,1,1,1
395,13,11,1,1,1
396,13,12,1,1,1
397,13,13,1,1,1
398,13,14,2,1.796701742,0.665289256
399,13,15,1,1,1
400,13,16,1,1,1
401,13,17,1,1,1
402,13,18,1,1,1
403,13,19,2,1.302195976,0.894375857
404,13,20,1,1,1
405,13,21,1,1,1
406,13,22,1,1,1
407,13,23,1,1,1
408,13,24,1,1,1
409,13,25,1,1,1
410,13,26,1,1,1
411,13,27,1,1,1
412,13,28,1,1,1
413,13,29,1,1,1
414,13,30,1,1,1
415,13,31,1,1,1
416,13,32,1,1,1
417,14,1,1,1,1
418,14,2,2,1.28262695,0.902376033
419,14,3,1,1,1
420,14,4,1,1,1
421,14,5,1,1,1
422,14,6,1,1,1
423,14,7,1,1,1
424,14,8,1,1,1
425,14,9,1,1,1
426,14,10,1,1,1
427,14,11,1,1,1
428,14,12,1,1,1
429,14,13,1,1,1
430,14,14,1,1,1
431,14,15,1,1,1
432,14,16,4,3.777304322,0.329931973
433,14,17,1,1,1
434,14,18,1,1,1
435,14,19,2,1.521175467,0.799725652
436,14,20,1,1,1
437,14,21,2,1.649384888,0.74
438,14,22,1,1,1
439,14,23,1,1,1
440,14,24,1,1,1
441,14,25,1,1,1
442,14,26,1,1,1
443,14,27,1,1,1
444,14,28,1,1,1
445,14,29,1,1,1
446,14,30,1,1,1
447,14,31,1,1,1
448,14,32,1,1,1
449,15,1,1,1,1
450,15,2,2,1.28262695,0.902376033
451,15,3,1,1,1
452,15,4,1,1,1
453,15,5,1,1,1
454,15,6,1,1,1
455,15,7,1,1,1
456,15,8,1,1,1
457,15,9,1,1,1
458,15,10,1,1,1
459,15,11,1,1,1
460,15,12,1,1,1
461,15,13,1,1,1
462,15,14,2,1.796701742,0.665289256
463,15,15,1,1,1
464,15,16,3,2.657325615,0.495464853
465,15,17,3,2.181757576,0.634920635
466,15,18,1,1,1
467,15,19,2,1.521175467,0.799725652
468,15,20,1,1,1
469,15,21,2,1.526090273,0.7975
470,15,22,1,1,1
471,15,23,1,1,1
472,15,24,1,1,1
473,15,25,1,1,1
474,15,26,1,1,1
475,15,27,1,1,1
476,15,28,1,1,1
477,15,29,2,1.998628415,0.509602195
478,15,30,1,1,1
479,15,31,1,1,1
480,15,32,1,1,1
481,16,1,1,1,1
482,16,2,2,1.28262695,0.902376033
483,16,3,1,1,1
484,16,4,1,1,1
485,16,5,1,1,1
486,16,6,1,1,1
487,16,7,1,1,1
488,16,8,2,1.432534349,0.839102217
489,16,9,1,1,1
490,16,10,1,1,1
491,16,11,1,1,1
492,16,12,1,1,1
493,16,13,1,1,1
494,16,14,2,1.796701742,0.665289256
495,16,15,1,1,1
496,16,16,2,1.506993066,0.806122449
497,16,17,1,1,1
498,16,18,1,1,1
499,16,19,1,1,1
500,16,20,1,1,1
501,16,21,2,1.526090273,0.7975
502,16,22,1,1,1
503,16,23,1,1,1
504,16,24,1,1,1
505,16,25,1,1,1
506,16,26,1,1,1
507,16,27,1,1,1
508,16,28,1,1,1
509,16,29,1,1,1
510,16,30,1,1,1
511,16,31,1,1,1
512,16,32,1,1,1
513,17,1,1,1,1
514,17,2,2,1.28262695,0.902376033
515,17,3,1,1,1
516,17,4,1,1,1
517,17,5,1,1,1
518,17,6,1,1,1
519,17,7,1,1,1
520,17,8,2,1.432534349,0.839102217
521,17,9,3,2.797062133,0.448571429
522,17,10,1,1,1
523,17,11,1,1,1
524,17,12,1,1,1
525,17,13,1,1,1
526,17,14,2,1.796701742,0.665289256
527,17,15,1,1,1
528,17,16,1,1,1
529,17,17,1,1,1
530,17,18,2,1.818968512,0.653061224
531,17,19,2,1.302195976,0.894375857
532,17,20,1,1,1
533,17,21,1,1,1
534,17,22,1,1,1
535,17,23,1,1,1
536,17,24,1,1,1
537,17,25,1,1,1
538,17,26,1,1,1
539,17,27,1,1,1
540,17,28,1,1,1
541,17,29,1,1,1
542,17,30,1,1,1
543,17,31,1,1,1
544,17,32,1,1,1
545,18,1,2,1.219590618,0.9275
546,18,2,2,1.28262695,0.902376033
547,18,3,1,1,1
548,18,4,1,1,1
549,18,5,1,1,1
550,18,6,1,1,1
551,18,7,1,1,1
552,18,8,1,1,1
553,18,9,1,1,1
554,18,10,1,1,1
555,18,11,1,1,1
556,18,12,1,1,1
557,18,13,1,1,1
558,18,14,2,1.796701742,0.665289256
559,18,15,1,1,1
560,18,16,2,1.506993066,0.806122449
561,18,17,2,1.627284557,0.750566893
562,18,18,1,1,1
563,18,19,3,1.956493405,0.705075446
564,18,20,1,1,1
565,18,21,1,1,1
566,18,22,1,1,1
567,18,23,1,1,1
568,18,24,1,1,1
569,18,25,1,1,1
570,18,26,1,1,1
571,18,27,1,1,1
572,18,28,1,1,1
573,18,29,1,1,1
574,18,30,1,1,1
575,18,31,1,1,1
576,18,32,1,1,1
577,19,1,1,1,1
578,19,2,3,1.538072083,0.839359504
579,19,3,1,1,1
580,19,4,2,1.379148062,0.862133835
581,19,5,1,1,1
582,19,6,1,1,1
583,19,7,1,1,1
584,19,8,1,1,1
585,19,9,1,1,1
586,19,10,1,1,1
587,19,11,1,1,1
588,19,12,1,1,1
589,19,13,1,1,1
590,19,14,2,1.796701742,0.665289256
591,19,15,1,1,1
592,19,16,3,2.032192496,0.685941043
593,19,17,1,1,1
594,19,18,1,1,1
595,19,19,1,1,1
596,19,20,1,1,1
597,19,21,2,1.526090273,0.7975
598,19,22,1,1,1
599,19,23,1,1,1
600,19,24,1,1,1
601,19,25,1,1,1
602,19,26,1,1,1
603,19,27,1,1,1
604,19,28,1,1,1
605,19,29,2,1.987666975,0.530864198
606,19,30,1,1,1
607,19,31,1,1,1
608,19,32,1,1,1
609,20,1,1,1,1
610,20,2,2,1.28262695,0.902376033
611,20,3,1,1,1
612,20,4,1,1,1
613,20,5,1,1,1
614,20,6,1,1,1
615,20,7,1,1,1
616,20,8,1,1,1
617,20,9,3,2.797062133,0.448571429
618,20,10,1,1,1
619,20,11,1,1,1
620,20,12,1,1,1
621,20,13,1,1,1
622,20,14,2,1.796701742,0.665289256
623,20,15,1,1,1
624,20,16,3,2.935819181,0.363945578
625,20,17,1,1,1
626,20,18,1,1,1
627,20,19,1,1,1
628,20,20,1,1,1
629,20,21,2,1.649384888,0.74
630,20,22,1,1,1
631,20,23,1,1,1
632,20,24,1,1,1
633,20,25,1,1,1
634,20,26,1,1,1
635,20,27,1,1,1
636,20,28,1,1,1
637,20,29,1,1,1
638,20,30,1,1,1
639,20,31,1,1,1
640,20,32,1,1,1
641,21,1,2,1.219590618,0.9275
642,21,2,3,1.538072083,0.839359504
643,21,3,1,1,1
644,21,4,1,1,1
645,21,5,1,1,1
646,21,6,1,1,1
647,21,7,1,1,1
648,21,8,2,1.432534349,0.839102217
649,21,9,3,2.725782913,0.471836735
650,21,10,1,1,1
651,21,11,1,1,1
652,21,12,1,1,1
653,21,13,1,1,1
654,21,14,2,1.796701742,0.665289256
655,21,15,1,1,1
656,21,16,3,1.650448244,0.801587302
657,21,17,2,1.627284557,0.750566893
658,21,18,1,1,1
659,21,19,1,1,1
660,21,20,3,1.790659961,0.761814745
661,21,21,2,1.526090273,0.7975
662,21,22,2,1.189110093,0.939236111
663,21,23,1,1,1
664,21,24,1,1,1
665,21,25,1,1,1
666,21,26,1,1,1
667,21,27,1,1,1
668,21,28,1,1,1
669,21,29,1,1,1
670,21,30,1,1,1
671,21,31,2,1.926070224,0.58677686
672,21,32,1,1,1
673,22,1,1,1,1
674,22,2,5,3.186578766,0.518595041
675,22,3,1,1,1
676,22,4,1,1,1
677,22,5,1,1,1
678,22,6,1,1,1
679,22,7,1,1,1
680,22,8,1,1,1
681,22,9,1,1,1
682,22,10,1,1,1
683,22,11,1,1,1
684,22,12,1,1,1
685,22,13,1,1,1
686,22,14,2,1.796701742,0.665289256
687,22,15,1,1,1
688,22,16,1,1,1
689,22,17,3,2.217347452,0.632653061
690,22,18,1,1,1
691,22,19,2,1.521175467,0.799725652
692,22,20,1,1,1
693,22,21,2,1.526090273,0.7975
694,22,22,1,1,1
695,22,23,1,1,1
696,22,24,1,1,1
697,22,25,1,1,1
698,22,26,1,1,1
699,22,27,1,1,1
700,22,28,1,1,1
701,22,29,1,1,1
702,22,30,2,1.369563672,0.866213152
703,22,31,3,2.884865541,0.407024793
704,22,32,1,1,1
705,23,1,1,1,1
706,23,2,3,1.538072083,0.839359504
707,23,3,1,1,1
708,23,4,1,1,1
709,23,5,1,1,1
710,23,6,1,1,1
711,23,7,1,1,1
712,23,8,1,1,1
713,23,9,1,1,1
714,23,10,1,1,1
715,23,11,1,1,1
716,23,12,1,1,1
717,23,13,1,1,1
718,23,14,2,1.796701742,0.665289256
719,23,15,1,1,1
720,23,16,2,1.506993066,0.806122449
721,23,17,1,1,1
722,23,18,1,1,1
723,23,19,1,1,1
724,23,20,1,1,1
725,23,21,2,1.526090273,0.7975
726,23,22,1,1,1
727,23,23,1,1,1
728,23,24,1,1,1
729,23,25,1,1,1
730,23,26,1,1,1
731,23,27,1,1,1
732,23,28,1,1,1
733,23,29,2,1.302195976,0.894375857
734,23,30,1,1,1
735,23,31,1,1,1
736,23,32,1,1,1
737,24,1,1,1,1
738,24,2,2,1.28262695,0.902376033
739,24,3,1,1,1
740,24,4,1,1,1
741,24,5,1,1,1
742,24,6,1,1,1
743,24,7,1,1,1
744,24,8,1,1,1
745,24,9,1,1,1
746,24,10,1,1,1
747,24,11,1,1,1
748,24,12,1,1,1
749,24,13,1,1,1
750,24,14,2,1.796701742,0.665289256
751,24,15,1,1,1
752,24,16,2,1.506993066,0.806122449
753,24,17,2,1.627284557,0.750566893
754,24,18,1,1,1
755,24,19,2,1.521175467,0.799725652
756,24,20,1,1,1
757,24,21,1,1,1
758,24,22,1,1,1
759,24,23,1,1,1
760,24,24,1,1,1
761,24,25,1,1,1
762,24,26,1,1,1
763,24,27,1,1,1
764,24,28,1,1,1
765,24,29,2,1.302195976,0.894375857
766,24,30,1,1,1
767,24,31,2,2,0.5
768,24,32,1,1,1
769,25,1,1,1,1
770,25,2,2,1.28262695,0.902376033
771,25,3,1,1,1
772,25,4,1,1,1
773,25,5,1,1,1
774,25,6,1,1,1
775,25,7,1,1,1
776,25,8,2,1.432534349,0.839102217
777,25,9,2,1.768350463,0.680408163
778,25,10,1,1,1
779,25,11,1,1,1
780,25,12,1,1,1
781,25,13,1,1,1
782,25,14,1,1,1
783,25,15,1,1,1
784,25,16,1,1,1
785,25,17,2,1.627284557,0.750566893
786,25,18,1,1,1
787,25,19,2,1.614726551,0.756515775
788,25,20,1,1,1
789,25,21,1,1,1
790,25,22,1,1,1
791,25,23,1,1,1
792,25,24,1,1,1
793,25,25,1,1,1
794,25,26,1,1,1
795,25,27,1,1,1
796,25,28,1,1,1
797,25,29,1,1,1
798,25,30,1,1,1
799,25,31,1,1,1
800,25,32,1,1,1
801,26,1,1,1,1
802,26,2,2,1.28262695,0.902376033
803,26,3,1,1,1
804,26,4,1,1,1
805,26,5,1,1,1
806,26,6,1,1,1
807,26,7,1,1,1
808,26,8,1,1,1
809,26,9,1,1,1
810,26,10,1,1,1
811,26,11,1,1,1
812,26,12,1,1,1
813,26,13,1,1,1
814,26,14,2,1.796701742,0.665289256
815,26,15,1,1,1
816,26,16,1,1,1
817,26,17,1,1,1
818,26,18,2,1.818968512,0.653061224
819,26,19,1,1,1
820,26,20,2,1.343716378,0.877126654
821,26,21,2,1.526090273,0.7975
822,26,22,1,1,1
823,26,23,1,1,1
824,26,24,1,1,1
825,26,25,1,1,1
826,26,26,1,1,1
827,26,27,1,1,1
828,26,28,1,1,1
829,26,29,1,1,1
830,26,30,2,1.997732855,0.512471655
831,26,31,1,1,1
832,26,32,1,1,1
833,27,1,1,1,1
834,27,2,2,1.28262695,0.902376033
835,27,3,1,1,1
836,27,4,1,1,1
837,27,5,1,1,1
838,27,6,1,1,1
839,27,7,1,1,1
840,27,8,1,1,1
841,27,9,3,2.797062133,0.448571429
842,27,10,1,1,1
843,27,11,1,1,1
844,27,12,1,1,1
845,27,13,1,1,1
846,27,14,2,1.796701742,0.665289256
847,27,15,1,1,1
848,27,16,2,1.506993066,0.806122449
849,27,17,1,1,1
850,27,18,1,1,1
851,27,19,1,1,1
852,27,20,1,1,1
853,27,21,1,1,1
854,27,22,1,1,1
855,27,23,1,1,1
856,27,24,1,1,1
857,27,25,1,1,1
858,27,26,1,1,1
859,27,27,1,1,1
860,27,28,1,1,1
861,27,29,1,1,1
862,27,30,1,1,1
863,27,31,1,1,1
864,27,32,1,1,1
865,28,1,1,1,1
866,28,2,5,3.186578766,0.518595041
867,28,3,1,1,1
868,28,4,1,1,1
869,28,5,1,1,1
870,28,6,1,1,1
871,28,7,1,1,1
872,28,8,1,1,1
873,28,9,1,1,1
874,28,10,1,1,1
875,28,11,1,1,1
876,28,12,1,1,1
877,28,13,1,1,1
878,28,14,2,1.796701742,0.665289256
879,28,15,1,1,1
880,28,16,3,2.032192496,0.685941043
881,28,17,1,1,1
882,28,18,1,1,1
883,28,19,1,1,1
884,28,20,1,1,1
885,28,21,1,1,1
886,28,22,1,1,1
887,28,23,1,1,1
888,28,24,1,1,1
889,28,25,1,1,1
890,28,26,1,1,1
891,28,27,1,1,1
892,28,28,1,1,1
893,28,29,1,1,1
894,28,30,1,1,1
895,28,31,1,1,1
896,28,32,1,1,1
897,29,1,1,1,1
898,29,2,2,1.28262695,0.902376033
899,29,3,1,1,1
900,29,4,1,1,1
901,29,5,1,1,1
902,29,6,1,1,1
903,29,7,1,1,1
904,29,8,1,1,1
905,29,9,3,2.797062133,0.448571429
906,29,10,1,1,1
907,29,11,1,1,1
908,29,12,1,1,1
909,29,13,1,1,1
910,29,14,2,1.796701742,0.665289256
911,29,15,1,1,1
912,29,16,2,1.506993066,0.806122449
913,29,17,1,1,1
914,29,18,1,1,1
915,29,19,2,1.521175467,0.799725652
916,29,20,1,1,1
917,29,21,1,1,1
918,29,22,1,1,1
919,29,23,1,1,1
920,29,24,1,1,1
921,29,25,1,1,1
922,29,26,1,1,1
923,29,27,1,1,1
924,29,28,1,1,1
925,29,29,1,1,1
926,29,30,1,1,1
927,29,31,1,1,1
928,29,32,1,1,1
929,30,1,1,1,1
930,30,2,2,1.28262695,0.902376033
931,30,3,1,1,1
932,30,4,1,1,1
933,30,5,1,1,1
934,30,6,1,1,1
935,30,7,1,1,1
936,30,8,1,1,1
937,30,9,4,3.944176841,0.285714286
938,30,10,1,1,1
939,30,11,1,1,1
940,30,12,1,1,1
941,30,13,1,1,1
942,30,14,2,1.796701742,0.665289256
943,30,15,1,1,1
944,30,16,2,1.506993066,0.806122449
945,30,17,1,1,1
946,30,18,1,1,1
947,30,19,1,1,1
948,30,20,1,1,1
949,30,21,3,2.426535393,0.5675
950,30,22,1,1,1
951,30,23,1,1,1
952,30,24,1,1,1
953,30,25,1,1,1
954,30,26,1,1,1
955,30,27,1,1,1
956,30,28,1,1,1
957,30,29,2,1.987666975,0.530864198
958,30,30,1,1,1
959,30,31,1,1,1
960,30,32,1,1,1
961,31,1,1,1,1
962,31,2,2,1.28262695,0.902376033
963,31,3,1,1,1
964,31,4,1,1,1
965,31,5,1,1,1
966,31,6,1,1,1
967,31,7,1,1,1
968,31,8,1,1,1
969,31,9,1,1,1
970,31,10,1,1,1
971,31,11,1,1,1
972,31,12,1,1,1
973,31,13,1,1,1
974,31,14,2,1.796701742,0.665289256
975,31,15,1,1,1
976,31,16,2,1.506993066,0.806122449
977,31,17,1,1,1
978,31,18,1,1,1
979,31,19,1,1,1
980,31,20,1,1,1
981,31,21,2,1.649384888,0.74
982,31,22,1,1,1
983,31,23,1,1,1
984,31,24,1,1,1
985,31,25,1,1,1
986,31,26,1,1,1
987,31,27,1,1,1
988,31,28,1,1,1
989,31,29,1,1,1
990,31,30,1,1,1
991,31,31,1,1,1
992,31,32,1,1,1
993,32,1,1,1,1
994,32,2,2,1.28262695,0.902376033
995,32,3,1,1,1
996,32,4,1,1,1
997,32,5,1,1,1
998,32,6,1,1,1
999,32,7,1,1,1
1000,32,8,1,1,1
1001,32,9,1,1,1
1002,32,10,1,1,1
1003,32,11,1,1,1
1004,32,12,1,1,1
1005,32,13,1,1,1
1006,32,14,1,1,1
1007,32,15,1,1,1
1008,32,16,2,1.506993066,0.806122449
1009,32,17,1,1,1
1010,32,18,1,1,1
1011,32,19,2,1.302195976,0.894375857
1012,32,20,1,1,1
1013,32,21,2,1.649384888,0.74
1014,32,22,1,1,1
1015,32,23,1,1,1
1016,32,24,1,1,1
1017,32,25,1,1,1
1018,32,26,1,1,1
1019,32,27,1,1,1
1020,32,28,1,1,1
1021,32,29,2,1.302195976,0.894375857
1022,32,30,1,1,1
1023,32,31,1,1,1
1024,32,32,1,1,1
1025,33,1,1,1,1
1026,33,2,3,1.538072083,0.839359504
1027,33,3,1,1,1
1028,33,4,1,1,1
1029,33,5,1,1,1
1030,33,6,1,1,1
1031,33,7,1,1,1
1032,33,8,2,1.432534349,0.839102217
1033,33,9,4,3.995006958,0.253877551
1034,33,10,1,1,1
1035,33,11,1,1,1
1036,33,12,1,1,1
1037,33,13,1,1,1
1038,33,14,2,1.796701742,0.665289256
1039,33,15,1,1,1
1040,33,16,1,1,1
1041,33,17,1,1,1
1042,33,18,1,1,1
1043,33,19,2,1.521175467,0.799725652
1044,33,20,1,1,1
1045,33,21,2,1.649384888,0.74
1046,33,22,1,1,1
1047,33,23,1,1,1
1048,33,24,1,1,1
1049,33,25,1,1,1
1050,33,26,1,1,1
1051,33,27,1,1,1
1052,33,28,1,1,1
1053,33,29,1,1,1
1054,33,30,1,1,1
1055,33,31,1,1,1
1056,33,32,1,1,1
1057,34,1,1,1,1
1058,34,2,2,1.28262695,0.902376033
1059,34,3,1,1,1
1060,34,4,1,1,1
1061,34,5,1,1,1
1062,34,6,1,1,1
1063,34,7,1,1,1
1064,34,8,1,1,1
1065,34,9,1,1,1
1066,34,10,1,1,1
1067,34,11,1,1,1
1068,34,12,1,1,1
1069,34,13,1,1,1
1070,34,14,2,1.796701742,0.665289256
1071,34,15,1,1,1
1072,34,16,2,1.506993066,0.806122449
1073,34,17,1,1,1
1074,34,18,2,1.818968512,0.653061224
1075,34,19,1,1,1
1076,34,20,1,1,1
1077,34,21,1,1,1
1078,34,22,1,1,1
1079,34,23,1,1,1
1080,34,24,1,1,1
1081,34,25,1,1,1
1082,34,26,1,1,1
1083,34,27,1,1,1
1084,34,28,1,1,1
1085,34,29,1,1,1
1086,34,30,1,1,1
1087,34,31,1,1,1
1088,34,32,1,1,1
1089,35,1,1,1,1
1090,35,2,3,1.538072083,0.839359504
1091,35,3,1,1,1
1092,35,4,1,1,1
1093,35,5,1,1,1
1094,35,6,1,1,1
1095,35,7,1,1,1
1096,35,8,1,1,1
1097,35,9,1,1,1
1098,35,10,1,1,1
1099,35,11,1,1,1
1100,35,12,1,1,1
1101,35,13,1,1,1
1102,35,14,2,1.796701742,0.665289256
1103,35,15,1,1,1
1104,35,16,1,1,1
1105,35,17,1,1,1
1106,35,18,1,1,1
1107,35,19,1,1,1
1108,35,20,1,1,1
1109,35,21,2,1.526090273,0.7975
1110,35,22,1,1,1
1111,35,23,1,1,1
1112,35,24,1,1,1
1113,35,25,1,1,1
1114,35,26,1,1,1
1115,35,27,1,1,1
1116,35,28,1,1,1
1117,35,29,2,1.302195976,0.894375857
1118,35,30,1,1,1
1119,35,31,1,1,1
1120,35,32,1,1,1
1121,36,1,1,1,1
1122,36,2,3,1.538072083,0.839359504
1123,36,3,1,1,1
1124,36,4,1,1,1
1125,36,5,1,1,1
1126,36,6,1,1,1
1127,36,7,1,1,1
1128,36,8,2,1.497981095,0.810167658
1129,36,9,4,3.995006958,0.253877551
1130,36,10,1,1,1
1131,36,11,1,1,1
1132,36,12,1,1,1
1133,36,13,1,1,1
1134,36,14,2,1.796701742,0.665289256
1135,36,15,1,1,1
1136,36,16,1,1,1
1137,36,17,1,1,1
1138,36,18,1,1,1
1139,36,19,2,1.521175467,0.799725652
1140,36,20,1,1,1
1141,36,21,1,1,1
1142,36,22,1,1,1
1143,36,23,1,1,1
1144,36,24,1,1,1
1145,36,25,1,1,1
1146,36,26,1,1,1
1147,36,27,1,1,1
1148,36,28,1,1,1
1149,36,29,1,1,1
1150,36,30,1,1,1
1151,36,31,1,1,1
1152,36,32,1,1,1
1153,37,1,1,1,1
1154,37,2,2,1.28262695,0.902376033
1155,37,3,1,1,1
1156,37,4,1,1,1
1157,37,5,1,1,1
1158,37,6,1,1,1
1159,37,7,1,1,1
1160,37,8,1,1,1
1161,37,9,1,1,1
1162,37,10,1,1,1
1163,37,11,1,1,1
1164,37,12,1,1,1
1165,37,13,1,1,1
1166,37,14,1,1,1
1167,37,15,1,1,1
1168,37,16,2,1.506993066,0.806122449
1169,37,17,1,1,1
1170,37,18,1,1,1
1171,37,19,1,1,1
1172,37,20,1,1,1
1173,37,21,2,1.526090273,0.7975
1174,37,22,1,1,1
1175,37,23,1,1,1
1176,37,24,1,1,1
1177,37,25,1,1,1
1178,37,26,1,1,1
1179,37,27,1,1,1
1180,37,28,1,1,1
1181,37,29,2,1.998628415,0.509602195
1182,37,30,1,1,1
1183,37,31,1,1,1
1184,37,32,1,1,1
1185,38,1,1,1,1
1186,38,2,2,1.28262695,0.902376033
1187,38,3,1,1,1
1188,38,4,1,1,1
1189,38,5,1,1,1
1190,38,6,1,1,1
1191,38,7,1,1,1
1192,38,8,2,1.432534349,0.839102217
1193,38,9,4,3.968084027,0.269795918
1194,38,10,1,1,1
1195,38,11,1,1,1
1196,38,12,1,1,1
1197,38,13,1,1,1
1198,38,14,2,1.796701742,0.665289256
1199,38,15,1,1,1
1200,38,16,2,1.369563672,0.866213152
1201,38,17,1,1,1
1202,38,18,1,1,1
1203,38,19,1,1,1
1204,38,20,1,1,1
1205,38,21,2,1.649384888,0.74
1206,38,22,2,1.189110093,0.939236111
1207,38,23,1,1,1
1208,38,24,1,1,1
1209,38,25,1,1,1
1210,38,26,1,1,1
1211,38,27,1,1,1
1212,38,28,1,1,1
1213,38,29,1,1,1
1214,38,30,3,2.672196325,0.464852608
1215,38,31,2,1.991741215,0.524793388
1216,38,32,1,1,1
1217,39,1,2,1.219590618,0.9275
1218,39,2,2,1.28262695,0.902376033
1219,39,3,1,1,1
1220,39,4,1,1,1
1221,39,5,1,1,1
1222,39,6,1,1,1
1223,39,7,1,1,1
1224,39,8,2,1.432534349,0.839102217
1225,39,9,2,1.711798227,0.709387755
1226,39,10,1,1,1
1227,39,11,1,1,1
1228,39,12,1,1,1
1229,39,13,1,1,1
1230,39,14,2,1.796701742,0.665289256
1231,39,15,1,1,1
1232,39,16,2,1.506993066,0.806122449
1233,39,17,1,1,1
1234,39,18,1,1,1
1235,39,19,1,1,1
1236,39,20,1,1,1
1237,39,21,1,1,1
1238,39,22,1,1,1
1239,39,23,1,1,1
1240,39,24,1,1,1
1241,39,25,1,1,1
1242,39,26,1,1,1
1243,39,27,1,1,1
1244,39,28,1,1,1
1245,39,29,1,1,1
1246,39,30,1,1,1
1247,39,31,1,1,1
1248,39,32,1,1,1
1249,40,1,1,1,1
1250,40,2,2,1.28262695,0.902376033
1251,40,3,1,1,1
1252,40,4,1,1,1
1253,40,5,1,1,1
1254,40,6,1,1,1
1255,40,7,1,1,1
1256,40,8,1,1,1
1257,40,9,1,1,1
1258,40,10,1,1,1
1259,40,11,1,1,1
1260,40,12,1,1,1
1261,40,13,1,1,1
1262,40,14,1,1,1
1263,40,15,1,1,1
1264,40,16,1,1,1
1265,40,17,1,1,1
1266,40,18,1,1,1
1267,40,19,1,1,1
1268,40,20,1,1,1
1269,40,21,1,1,1
1270,40,22,1,1,1
1271,40,23,1,1,1
1272,40,24,1,1,1
1273,40,25,1,1,1
1274,40,26,1,1,1
1275,40,27,1,1,1
1276,40,28,1,1,1
1277,40,29,1,1,1
1278,40,30,1,1,1
1279,40,31,1,1,1
1280,40,32,1,1,1
1281,41,1,2,1.219590618,0.9275
1282,41,2,2,1.28262695,0.902376033
1283,41,3,1,1,1
1284,41,4,1,1,1
1285,41,5,1,1,1
1286,41,6,1,1,1
1287,41,7,1,1,1
1288,41,8,2,1.432534349,0.839102217
1289,41,9,3,2.797062133,0.448571429
1290,41,10,1,1,1
1291,41,11,1,1,1
1292,41,12,1,1,1
1293,41,13,1,1,1
1294,41,14,2,1.796701742,0.665289256
1295,41,15,1,1,1
1296,41,16,1,1,1
1297,41,17,3,2.217347452,0.632653061
1298,41,18,1,1,1
1299,41,19,2,1.521175467,0.799725652
1300,41,20,1,1,1
1301,41,21,2,1.649384888,0.74
1302,41,22,1,1,1
1303,41,23,1,1,1
1304,41,24,1,1,1
1305,41,25,1,1,1
1306,41,26,1,1,1
1307,41,27,1,1,1
1308,41,28,1,1,1
1309,41,29,1,1,1
1310,41,30,1,1,1
1311,41,31,1,1,1
1312,41,32,1,1,1
1313,42,1,1,1,1
1314,42,2,2,1.28262695,0.902376033
1315,42,3,1,1,1
1316,42,4,1,1,1
1317,42,5,1,1,1
1318,42,6,1,1,1
1319,42,7,1,1,1
1320,42,8,1,1,1
1321,42,9,1,1,1
1322,42,10,1,1,1
1323,42,11,1,1,1
1324,42,12,1,1,1
1325,42,13,1,1,1
1326,42,14,2,1.796701742,0.665289256
1327,42,15,1,1,1
1328,42,16,1,1,1
1329,42,17,1,1,1
1330,42,18,1,1,1
1331,42,19,2,1.521175467,0.799725652
1332,42,20,1,1,1
1333,42,21,2,1.526090273,0.7975
1334,42,22,1,1,1
1335,42,23,1,1,1
1336,42,24,1,1,1
1337,42,25,1,1,1
1338,42,26,1,1,1
1339,42,27,1,1,1
1340,42,28,1,1,1
1341,42,29,2,1.998628415,0.509602195
1342,42,30,1,1,1
1343,42,31,1,1,1
1344,42,32,1,1,1
1345,43,1,1,1,1
1346,43,2,2,1.28262695,0.902376033
1347,43,3,1,1,1
1348,43,4,1,1,1
1349,43,5,1,1,1
1350,43,6,1,1,1
1351,43,7,1,1,1
1352,43,8,2,1.432534349,0.839102217
1353,43,9,4,3.982318364,0.268979592
1354,43,10,1,1,1
1355,43,11,1,1,1
1356,43,12,1,1,1
1357,43,13,1,1,1
1358,43,14,2,1.796701742,0.665289256
1359,43,15,1,1,1
1360,43,16,1,1,1
1361,43,17,1,1,1
1362,43,18,1,1,1
1363,43,19,2,1.302195976,0.894375857
1364,43,20,1,1,1
1365,43,21,1,1,1
1366,43,22,1,1,1
1367,43,23,1,1,1
1368,43,24,1,1,1
1369,43,25,1,1,1
1370,43,26,1,1,1
1371,43,27,1,1,1
1372,43,28,1,1,1
1373,43,29,1,1,1
1374,43,30,2,1.997732855,0.512471655
1375,43,31,1,1,1
1376,43,32,1,1,1
1377,44,1,1,1,1
1378,44,2,2,1.28262695,0.902376033
1379,44,3,1,1,1
1380,44,4,1,1,1
1381,44,5,1,1,1
1382,44,6,1,1,1
1383,44,7,1,1,1
1384,44,8,2,1.432534349,0.839102217
1385,44,9,3,2.773441882,0.434285714
1386,44,10,1,1,1
1387,44,11,1,1,1
1388,44,12,1,1,1
1389,44,13,1,1,1
1390,44,14,1,1,1
1391,44,15,1,1,1
1392,44,16,2,1.506993066,0.806122449
1393,44,17,1,1,1
1394,44,18,1,1,1
1395,44,19,2,1.521175467,0.799725652
1396,44,20,1,1,1
1397,44,21,2,1.526090273,0.7975
1398,44,22,1,1,1
1399,44,23,1,1,1
1400,44,24,1,1,1
1401,44,25,1,1,1
1402,44,26,1,1,1
1403,44,27,1,1,1
1404,44,28,1,1,1
1405,44,29,1,1,1
1406,44,30,1,1,1
1407,44,31,1,1,1
1408,44,32,1,1,1
1409,45,1,1,1,1
1410,45,2,2,1.28262695,0.902376033
1411,45,3,1,1,1
1412,45,4,2,1.428094332,0.841037356
1413,45,5,1,1,1
1414,45,6,1,1,1
1415,45,7,1,1,1
1416,45,8,1,1,1
1417,45,9,2,1.711798227,0.709387755
1418,45,10,1,1,1
1419,45,11,1,1,1
1420,45,12,1,1,1
1421,45,13,1,1,1
1422,45,14,1,1,1
1423,45,15,1,1,1
1424,45,16,5,4.026435258,0.360544218
1425,45,17,1,1,1
1426,45,18,2,1.818968512,0.653061224
1427,45,19,2,1.521175467,0.799725652
1428,45,20,1,1,1
1429,45,21,2,1.526090273,0.7975
1430,45,22,1,1,1
1431,45,23,1,1,1
1432,45,24,1,1,1
1433,45,25,1,1,1
1434,45,26,1,1,1
1435,45,27,1,1,1
1436,45,28,1,1,1
1437,45,29,1,1,1
1438,45,30,1,1,1
1439,45,31,1,1,1
1440,45,32,1,1,1
1441,46,1,1,1,1
1442,46,2,2,1.28262695,0.902376033
1443,46,3,1,1,1
1444,46,4,1,1,1
1445,46,5,1,1,1
1446,46,6,1,1,1
1447,46,7,1,1,1
1448,46,8,1,1,1
1449,46,9,4,3.180706606,0.43877551
1450,46,10,1,1,1
1451,46,11,1,1,1
1452,46,12,1,1,1
1453,46,13,1,1,1
1454,46,14,2,1.796701742,0.665289256
1455,46,15,1,1,1
1456,46,16,3,2.935819181,0.363945578
1457,46,17,1,1,1
1458,46,18,1,1,1
1459,46,19,1,1,1
1460,46,20,1,1,1
1461,46,21,2,1.754765351,0.6875
1462,46,22,1,1,1
1463,46,23,1,1,1
1464,46,24,1,1,1
1465,46,25,1,1,1
1466,46,26,1,1,1
1467,46,27,1,1,1
1468,46,28,1,1,1
1469,46,29,1,1,1
1470,46,30,1,1,1
1471,46,31,1,1,1
1472,46,32,1,1,1
1473,47,1,1,1,1
1474,47,2,2,1.28262695,0.902376033
1475,47,3,1,1,1
1476,47,4,1,1,1
1477,47,5,1,1,1
1478,47,6,1,1,1
1479,47,7,1,1,1
1480,47,8,2,1.432534349,0.839102217
1481,47,9,4,3.180706606,0.43877551
1482,47,10,1,1,1
1483,47,11,1,1,1
1484,47,12,1,1,1
1485,47,13,1,1,1
1486,47,14,1,1,1
1487,47,15,1,1,1
1488,47,16,1,1,1
1489,47,17,2,1.627284557,0.750566893
1490,47,18,1,1,1
1491,47,19,2,1.521175467,0.799725652
1492,47,20,1,1,1
1493,47,21,1,1,1
1494,47,22,1,1,1
1495,47,23,1,1,1
1496,47,24,1,1,1
1497,47,25,1,1,1
1498,47,26,1,1,1
1499,47,27,1,1,1
1500,47,28,1,1,1
1501,47,29,2,1.998628415,0.509602195
1502,47,30,1,1,1
1503,47,31,1,1,1
1504,47,32,1,1,1
1505,48,1,1,1,1
1506,48,2,2,1.28262695,0.902376033
1507,48,3,1,1,1
1508,48,4,1,1,1
1509,48,5,1,1,1
1510,48,6,1,1,1
1511,48,7,1,1,1
1512,48,8,2,1.432534349,0.839102217
1513,48,9,4,3.995006958,0.253877551
1514,48,10,1,1,1
1515,48,11,1,1,1
1516,48,12,1,1,1
1517,48,13,1,1,1
1518,48,14,2,1.796701742,0.665289256
1519,48,15,1,1,1
1520,48,16,2,1.506993066,0.806122449
1521,48,17,1,1,1
1522,48,18,1,1,1
1523,48,19,2,1.521175467,0.799725652
1524,48,20,1,1,1
1525,48,21,1,1,1
1526,48,22,1,1,1
1527,48,23,1,1,1
1528,48,24,1,1,1
1529,48,25,1,1,1
1530,48,26,1,1,1
1531,48,27,1,1,1
1532,48,28,1,1,1
1533,48,29,1,1,1
1534,48,30,1,1,1
1535,48,31,1,1,1
1536,48,32,1,1,1
1537,49,1,1,1,1
1538,49,2,2,1.28262695,0.902376033
1539,49,3,1,1,1
1540,49,4,1,1,1
1541,49,5,1,1,1
1542,49,6,1,1,1
1543,49,7,1,1,1
1544,49,8,1,1,1
1545,49,9,1,1,1
1546,49,10,1,1,1
1547,49,11,1,1,1
1548,49,12,1,1,1
1549,49,13,1,1,1
1550,49,14,1,1,1
1551,49,15,1,1,1
1552,49,16,4,3.823027282,0.327664399
1553,49,17,2,1.818968512,0.653061224
1554,49,18,1,1,1
1555,49,19,3,1.685684715,0.794238683
1556,49,20,1,1,1
1557,49,21,2,1.526090273,0.7975
1558,49,22,1,1,1
1559,49,23,1,1,1
1560,49,24,1,1,1
1561,49,25,1,1,1
1562,49,26,1,1,1
1563,49,27,1,1,1
1564,49,28,1,1,1
1565,49,29,2,1.998628415,0.509602195
1566,49,30,1,1,1
1567,49,31,1,1,1
1568,49,32,1,1,1
1569,50,1,1,1,1
1570,50,2,2,1.28262695,0.902376033
1571,50,3,1,1,1
1572,50,4,1,1,1
1573,50,5,1,1,1
1574,50,6,1,1,1
1575,50,7,1,1,1
1576,50,8,1,1,1
1577,50,9,1,1,1
1578,50,10,1,1,1
1579,50,11,1,1,1
1580,50,12,1,1,1
1581,50,13,1,1,1
1582,50,14,2,1.796701742,0.665289256
1583,50,15,1,1,1
1584,50,16,1,1,1
1585,50,17,1,1,1
1586,50,18,1,1,1
1587,50,19,2,1.521175467,0.799725652
1588,50,20,1,1,1
1589,50,21,2,1.526090273,0.7975
1590,50,22,1,1,1
1591,50,23,1,1,1
1592,50,24,1,1,1
1593,50,25,1,1,1
1594,50,26,1,1,1
1595,50,27,1,1,1
1596,50,28,1,1,1
1597,50,29,1,1,1
1598,50,30,1,1,1
1599,50,31,1,1,1
1600,50,32,1,1,1
1601,51,1,1,1,1
1602,51,2,2,1.28262695,0.902376033
1603,51,3,1,1,1
1604,51,4,1,1,1
1605,51,5,1,1,1
1606,51,6,1,1,1
1607,51,7,1,1,1
1608,51,8,1,1,1
1609,51,9,4,3.180706606,0.43877551
1610,51,10,1,1,1
1611,51,11,1,1,1
1612,51,12,1,1,1
1613,51,13,1,1,1
1614,51,14,2,1.796701742,0.665289256
1615,51,15,1,1,1
1616,51,16,1,1,1
1617,51,17,1,1,1
1618,51,18,1,1,1
1619,51,19,1,1,1
1620,51,20,3,2.506692069,0.47731569
1621,51,21,2,1.526090273,0.7975
1622,51,22,1,1,1
1623,51,23,1,1,1
1624,51,24,1,1,1
1625,51,25,1,1,1
1626,51,26,1,1,1
1627,51,27,1,1,1
1628,51,28,1,1,1
1629,51,29,1,1,1
1630,51,30,1,1,1
1631,51,31,1,1,1
1632,51,32,1,1,1
1633,52,1,1,1,1
1634,52,2,2,1.28262695,0.902376033
1635,52,3,1,1,1
1636,52,4,1,1,1
1637,52,5,1,1,1
1638,52,6,1,1,1
1639,52,7,1,1,1
1640,52,8,1,1,1
1641,52,9,1,1,1
1642,52,10,1,1,1
1643,52,11,1,1,1
1644,52,12,1,1,1
1645,52,13,1,1,1
1646,52,14,1,1,1
1647,52,15,1,1,1
1648,52,16,1,1,1
1649,52,17,1,1,1
1650,52,18,1,1,1
1651,52,19,1,1,1
1652,52,20,1,1,1
1653,52,21,1,1,1
1654,52,22,1,1,1
1655,52,23,1,1,1
1656,52,24,1,1,1
1657,52,25,1,1,1
1658,52,26,1,1,1
1659,52,27,1,1,1
1660,52,28,1,1,1
1661,52,29,1,1,1
1662,52,30,1,1,1
1663,52,31,1,1,1
1664,52,32,1,1,1
1665,53,1,1,1,1
1666,53,2,2,1.28262695,0.902376033
1667,53,3,1,1,1
1668,53,4,1,1,1
1669,53,5,1,1,1
1670,53,6,1,1,1
1671,53,7,1,1,1
1672,53,8,2,1.497981095,0.810167658
1673,53,9,4,3.982318364,0.268979592
1674,53,10,1,1,1
1675,53,11,1,1,1
1676,53,12,1,1,1
1677,53,13,1,1,1
1678,53,14,2,1.796701742,0.665289256
1679,53,15,1,1,1
1680,53,16,2,1.506993066,0.806122449
1681,53,17,1,1,1
1682,53,18,1,1,1
1683,53,19,1,1,1
1684,53,20,1,1,1
1685,53,21,2,1.526090273,0.7975
1686,53,22,1,1,1
1687,53,23,1,1,1
1688,53,24,1,1,1
1689,53,25,1,1,1
1690,53,26,2,1.192408397,0.937980987
1691,53,27,1,1,1
1692,53,28,1,1,1
1693,53,29,1,1,1
1694,53,30,3,2.484136333,0.509070295
1695,53,31,2,2,0.5
1696,53,32,1,1,1
1697,54,1,2,1.219590618,0.9275
1698,54,2,2,1.28262695,0.902376033
1699,54,3,1,1,1
1700,54,4,1,1,1
1701,54,5,1,1,1
1702,54,6,1,1,1
1703,54,7,1,1,1
1704,54,8,1,1,1
1705,54,9,3,2.797062133,0.448571429
1706,54,10,1,1,1
1707,54,11,1,1,1
1708,54,12,1,1,1
1709,54,13,1,1,1
1710,54,14,2,1.796701742,0.665289256
1711,54,15,1,1,1
1712,54,16,2,1.506993066,0.806122449
1713,54,17,1,1,1
1714,54,18,1,1,1
1715,54,19,1,1,1
1716,54,20,1,1,1
1717,54,21,2,1.649384888,0.74
1718,54,22,1,1,1
1719,54,23,1,1,1
1720,54,24,1,1,1
1721,54,25,1,1,1
1722,54,26,1,1,1
1723,54,27,1,1,1
1724,54,28,1,1,1
1725,54,29,2,1.987666975,0.530864198
1726,54,30,1,1,1
1727,54,31,1,1,1
1728,54,32,1,1,1
1729,55,1,2,1.219590618,0.9275
1730,55,2,2,1.28262695,0.902376033
1731,55,3,1,1,1
1732,55,4,1,1,1
1733,55,5,1,1,1
1734,55,6,1,1,1
1735,55,7,1,1,1
1736,55,8,1,1,1
1737,55,9,2,1.711798227,0.709387755
1738,55,10,1,1,1
1739,55,11,1,1,1
1740,55,12,1,1,1
1741,55,13,1,1,1
1742,55,14,2,1.796701742,0.665289256
1743,55,15,1,1,1
1744,55,16,1,1,1
1745,55,17,2,1.627284557,0.750566893
1746,55,18,1,1,1
1747,55,19,2,1.521175467,0.799725652
1748,55,20,1,1,1
1749,55,21,2,1.526090273,0.7975
1750,55,22,1,1,1
1751,55,23,1,1,1
1752,55,24,1,1,1
1753,55,25,1,1,1
1754,55,26,1,1,1
1755,55,27,1,1,1
1756,55,28,1,1,1
1757,55,29,2,1.998628415,0.509602195
1758,55,30,1,1,1
1759,55,31,1,1,1
1760,55,32,1,1,1
1761,56,1,1,1,1
1762,56,2,2,1.28262695,0.902376033
1763,56,3,1,1,1
1764,56,4,1,1,1
1765,56,5,1,1,1
1766,56,6,1,1,1
1767,56,7,1,1,1
1768,56,8,2,1.497981095,0.810167658
1769,56,9,2,1.999183729,0.507346939
1770,56,10,1,1,1
1771,56,11,1,1,1
1772,56,12,1,1,1
1773,56,13,1,1,1
1774,56,14,1,1,1
1775,56,15,1,1,1
1776,56,16,1,1,1
1777,56,17,1,1,1
1778,56,18,1,1,1
1779,56,19,1,1,1
1780,56,20,1,1,1
1781,56,21,2,1.649384888,0.74
1782,56,22,2,1.189110093,0.939236111
1783,56,23,1,1,1
1784,56,24,1,1,1
1785,56,25,1,1,1
1786,56,26,1,1,1
1787,56,27,1,1,1
1788,56,28,1,1,1
1789,56,29,1,1,1
1790,56,30,1,1,1
1791,56,31,1,1,1
1792,56,32,1,1,1
1793,57,1,1,1,1
1794,57,2,2,1.28262695,0.902376033
1795,57,3,1,1,1
1796,57,4,2,1.379148062,0.862133835
1797,57,5,1,1,1
1798,57,6,1,1,1
1799,57,7,1,1,1
1800,57,8,2,1.432534349,0.839102217
1801,57,9,4,3.995006958,0.253877551
1802,57,10,1,1,1
1803,57,11,1,1,1
1804,57,12,1,1,1
1805,57,13,1,1,1
1806,57,14,2,1.926070224,0.58677686
1807,57,15,1,1,1
1808,57,16,1,1,1
1809,57,17,1,1,1
1810,57,18,1,1,1
1811,57,19,1,1,1
1812,57,20,1,1,1
1813,57,21,1,1,1
1814,57,22,1,1,1
1815,57,23,1,1,1
1816,57,24,1,1,1
1817,57,25,1,1,1
1818,57,26,1,1,1
1819,57,27,1,1,1
1820,57,28,1,1,1
1821,57,29,1,1,1
1822,57,30,1,1,1
1823,57,31,1,1,1
1824,57,32,1,1,1
1825,58,1,1,1,1
1826,58,2,2,1.28262695,0.902376033
1827,58,3,1,1,1
1828,58,4,1,1,1
1829,58,5,1,1,1
1830,58,6,1,1,1
1831,58,7,1,1,1
1832,58,8,2,1.432534349,0.839102217
1833,58,9,1,1,1
1834,58,10,1,1,1
1835,58,11,1,1,1
1836,58,12,1,1,1
1837,58,13,1,1,1
1838,58,14,2,1.796701742,0.665289256
1839,58,15,1,1,1
1840,58,16,1,1,1
1841,58,17,1,1,1
1842,58,18,1,1,1
1843,58,19,1,1,1
1844,58,20,1,1,1
1845,58,21,1,1,1
1846,58,22,1,1,1
1847,58,23,1,1,1
1848,58,24,1,1,1
1849,58,25,1,1,1
1850,58,26,1,1,1
1851,58,27,1,1,1
1852,58,28,1,1,1
1853,58,29,2,1.998628415,0.509602195
1854,58,30,1,1,1
1855,58,31,1,1,1
1856,58,32,1,1,1
1857,59,1,1,1,1
1858,59,2,2,1.28262695,0.902376033
1859,59,3,1,1,1
1860,59,4,1,1,1
1861,59,5,1,1,1
1862,59,6,1,1,1
1863,59,7,1,1,1
1864,59,8,2,1.432534349,0.839102217
1865,59,9,5,4.5429613,0.244081633
1866,59,10,1,1,1
1867,59,11,1,1,1
1868,59,12,1,1,1
1869,59,13,1,1,1
1870,59,14,1,1,1
1871,59,15,1,1,1
1872,59,16,1,1,1
1873,59,17,1,1,1
1874,59,18,1,1,1
1875,59,19,1,1,1
1876,59,20,1,1,1
1877,59,21,2,1.526090273,0.7975
1878,59,22,1,1,1
1879,59,23,1,1,1
1880,59,24,1,1,1
1881,59,25,1,1,1
1882,59,26,1,1,1
1883,59,27,1,1,1
1884,59,28,1,1,1
1885,59,29,1,1,1
1886,59,30,1,1,1
1887,59,31,1,1,1
1888,59,32,1,1,1
1889,60,1,2,1.219590618,0.9275
1890,60,2,2,1.28262695,0.902376033
1891,60,3,1,1,1
1892,60,4,1,1,1
1893,60,5,1,1,1
1894,60,6,1,1,1
1895,60,7,1,1,1
1896,60,8,1,1,1
1897,60,9,2,1.581136953,0.772244898
1898,60,10,1,1,1
1899,60,11,1,1,1
1900,60,12,1,1,1
1901,60,13,1,1,1
1902,60,14,2,1.796701742,0.665289256
1903,60,15,1,1,1
1904,60,16,1,1,1
1905,60,17,1,1,1
1906,60,18,1,1,1
1907,60,19,1,1,1
1908,60,20,1,1,1
1909,60,21,2,1.649384888,0.74
1910,60,22,1,1,1
1911,60,23,1,1,1
1912,60,24,1,1,1
1913,60,25,1,1,1
1914,60,26,1,1,1
1915,60,27,1,1,1
1916,60,28,1,1,1
1917,60,29,1,1,1
1918,60,30,1,1,1
1919,60,31,1,1,1
1920,60,32,1,1,1
1921,61,1,1,1,1
1922,61,2,1,1,1
1923,61,3,1,1,1
1924,61,4,1,1,1
1925,61,5,1,1,1
1926,61,6,1,1,1
1927,61,7,1,1,1
1928,61,8,1,1,1
1929,61,9,1,1,1
1930,61,10,1,1,1
1931,61,11,1,1,1
1932,61,12,1,1,1
1933,61,13,1,1,1
1934,61,14,2,1.796701742,0.665289256
1935,61,15,1,1,1
1936,61,16,1,1,1
1937,61,17,2,1.627284557,0.750566893
1938,61,18,1,1,1
1939,61,19,2,1.521175467,0.799725652
1940,61,20,1,1,1
1941,61,21,2,1.526090273,0.7975
1942,61,22,1,1,1
1943,61,23,1,1,1
1944,61,24,1,1,1
1945,61,25,1,1,1
1946,61,26,1,1,1
1947,61,27,1,1,1
1948,61,28,1,1,1
1949,61,29,2,1.998628415,0.509602195
1950,61,30,1,1,1
1951,61,31,1,1,1
1952,61,32,1,1,1
1953,62,1,2,1.219590618,0.9275
1954,62,2,2,1.28262695,0.902376033
1955,62,3,1,1,1
1956,62,4,1,1,1
1957,62,5,1,1,1
1958,62,6,1,1,1
1959,62,7,1,1,1
1960,62,8,1,1,1
1961,62,9,1,1,1
1962,62,10,1,1,1
1963,62,11,1,1,1
1964,62,12,1,1,1
1965,62,13,1,1,1
1966,62,14,2,1.796701742,0.665289256
1967,62,15,1,1,1
1968,62,16,2,1.506993066,0.806122449
1969,62,17,1,1,1
1970,62,18,1,1,1
1971,62,19,1,1,1
1972,62,20,1,1,1
1973,62,21,2,1.526090273,0.7975
1974,62,22,1,1,1
1975,62,23,1,1,1
1976,62,24,1,1,1
1977,62,25,1,1,1
1978,62,26,1,1,1
1979,62,27,1,1,1
1980,62,28,1,1,1
1981,62,29,1,1,1
1982,62,30,1,1,1
1983,62,31,1,1,1
1984,62,32,1,1,1
1985,63,1,1,1,1
1986,63,2,2,1.28262695,0.902376033
1987,63,3,1,1,1
1988,63,4,1,1,1
1989,63,5,1,1,1
1990,63,6,1,1,1
1991,63,7,1,1,1
1992,63,8,2,1.497981095,0.810167658
1993,63,9,2,1.649384888,0.74
1994,63,10,1,1,1
1995,63,11,1,1,1
1996,63,12,1,1,1
1997,63,13,1,1,1
1998,63,14,1,1,1
1999,63,15,1,1,1
2000,63,16,1,1,1
2001,63,17,1,1,1
2002,63,18,1,1,1
2003,63,19,1,1,1
2004,63,20,1,1,1
2005,63,21,2,1.526090273,0.7975
2006,63,22,1,1,1
2007,63,23,1,1,1
2008,63,24,1,1,1
2009,63,25,1,1,1
2010,63,26,1,1,1
2011,63,27,1,1,1
2012,63,28,1,1,1
2013,63,29,1,1,1
2014,63,30,1,1,1
2015,63,31,1,1,1
2016,63,32,1,1,1
2017,64,1,2,1.219590618,0.9275
2018,64,2,2,1.28262695,0.902376033
2019,64,3,1,1,1
2020,64,4,2,1.903743547,0.602123085
2021,64,5,1,1,1
2022,64,6,1,1,1
2023,64,7,1,1,1
2024,64,8,2,1.432534349,0.839102217
2025,64,9,4,3.995006958,0.253877551
2026,64,10,1,1,1
2027,64,11,1,1,1
2028,64,12,1,1,1
2029,64,13,1,1,1
2030,64,14,2,1.796701742,0.665289256
2031,64,15,1,1,1
2032,64,16,2,1.369563672,0.866213152
2033,64,17,1,1,1
2034,64,18,1,1,1
2035,64,19,1,1,1
2036,64,20,1,1,1
2037,64,21,2,1.649384888,0.74
2038,64,22,1,1,1
2039,64,23,1,1,1
2040,64,24,1,1,1
2041,64,25,1,1,1
2042,64,26,1,1,1
2043,64,27,1,1,1
2044,64,28,1,1,1
2045,64,29,2,1.998628415,0.509602195
2046,64,30,1,1,1
2047,64,31,1,1,1
2048,64,32,1,1,1
2049,65,1,2,1.219590618,0.9275
2050,65,2,2,1.28262695,0.902376033
2051,65,3,1,1,1
2052,65,4,1,1,1
2053,65,5,1,1,1
2054,65,6,1,1,1
2055,65,7,1,1,1
2056,65,8,2,1.432534349,0.839102217
2057,65,9,2,1.711798227,0.709387755
2058,65,10,1,1,1
2059,65,11,1,1,1
2060,65,12,1,1,1
2061,65,13,1,1,1
2062,65,14,2,1.796701742,0.665289256
2063,65,15,1,1,1
2064,65,16,2,1.627284557,0.750566893
2065,65,17,3,2.032192496,0.685941043
2066,65,18,1,1,1
2067,65,19,2,1.521175467,0.799725652
2068,65,20,2,1.343716378,0.877126654
2069,65,21,2,1.526090273,0.7975
2070,65,22,1,1,1
2071,65,23,1,1,1
2072,65,24,1,1,1
2073,65,25,1,1,1
2074,65,26,1,1,1
2075,65,27,1,1,1
2076,65,28,1,1,1
2077,65,29,2,1.302195976,0.894375857
2078,65,30,1,1,1
2079,65,31,1,1,1
2080,65,32,1,1,1
2081,66,1,1,1,1
2082,66,2,2,1.28262695,0.902376033
2083,66,3,1,1,1
2084,66,4,1,1,1
2085,66,5,1,1,1
2086,66,6,1,1,1
2087,66,7,1,1,1
2088,66,8,1,1,1
2089,66,9,2,1.649384888,0.74
2090,66,10,1,1,1
2091,66,11,1,1,1
2092,66,12,1,1,1
2093,66,13,1,1,1
2094,66,14,2,1.796701742,0.665289256
2095,66,15,1,1,1
2096,66,16,1,1,1
2097,66,17,1,1,1
2098,66,18,1,1,1
2099,66,19,1,1,1
2100,66,20,1,1,1
2101,66,21,1,1,1
2102,66,22,1,1,1
2103,66,23,1,1,1
2104,66,24,1,1,1
2105,66,25,1,1,1
2106,66,26,1,1,1
2107,66,27,1,1,1
2108,66,28,1,1,1
2109,66,29,1,1,1
2110,66,30,1,1,1
2111,66,31,1,1,1
2112,66,32,1,1,1
2113,67,1,1,1,1
2114,67,2,2,1.28262695,0.902376033
2115,67,3,1,1,1
2116,67,4,1,1,1
2117,67,5,1,1,1
2118,67,6,1,1,1
2119,67,7,1,1,1
2120,67,8,1,1,1
2121,67,9,5,4.528532341,0.259183673
2122,67,10,1,1,1
2123,67,11,1,1,1
2124,67,12,1,1,1
2125,67,13,1,1,1
2126,67,14,2,1.796701742,0.665289256
2127,67,15,1,1,1
2128,67,16,4,3.130605652,0.446712018
2129,67,17,2,1.627284557,0.750566893
2130,67,18,1,1,1
2131,67,19,2,1.521175467,0.799725652
2132,67,20,1,1,1
2133,67,21,2,1.526090273,0.7975
2134,67,22,1,1,1
2135,67,23,1,1,1
2136,67,24,1,1,1
2137,67,25,1,1,1
2138,67,26,1,1,1
2139,67,27,1,1,1
2140,67,28,1,1,1
2141,67,29,1,1,1
2142,67,30,1,1,1
2143,67,31,1,1,1
2144,67,32,1,1,1
2145,68,1,1,1,1
2146,68,2,2,1.28262695,0.902376033
2147,68,3,1,1,1
2148,68,4,1,1,1
2149,68,5,1,1,1
2150,68,6,1,1,1
2151,68,7,1,1,1
2152,68,8,2,1.36271262,0.869118442
2153,68,9,4,3.180706606,0.43877551
2154,68,10,1,1,1
2155,68,11,1,1,1
2156,68,12,1,1,1
2157,68,13,1,1,1
2158,68,14,2,1.796701742,0.665289256
2159,68,15,1,1,1
2160,68,16,1,1,1
2161,68,17,1,1,1
2162,68,18,1,1,1
2163,68,19,1,1,1
2164,68,20,1,1,1
2165,68,21,2,1.526090273,0.7975
2166,68,22,1,1,1
2167,68,23,1,1,1
2168,68,24,1,1,1
2169,68,25,1,1,1
2170,68,26,1,1,1
2171,68,27,1,1,1
2172,68,28,1,1,1
2173,68,29,1,1,1
2174,68,30,1,1,1
2175,68,31,1,1,1
2176,68,32,1,1,1
2177,69,1,1,1,1
2178,69,2,2,1.28262695,0.902376033
2179,69,3,1,1,1
2180,69,4,1,1,1
2181,69,5,1,1,1
2182,69,6,1,1,1
2183,69,7,1,1,1
2184,69,8,2,1.497981095,0.810167658
2185,69,9,3,2.797062133,0.448571429
2186,69,10,1,1,1
2187,69,11,1,1,1
2188,69,12,1,1,1
2189,69,13,1,1,1
2190,69,14,2,1.796701742,0.665289256
2191,69,15,1,1,1
2192,69,16,4,3.439471164,0.319727891
2193,69,17,2,1.627284557,0.750566893
2194,69,18,1,1,1
2195,69,19,4,2.498670618,0.615912209
2196,69,20,1,1,1
2197,69,21,1,1,1
2198,69,22,1,1,1
2199,69,23,1,1,1
2200,69,24,1,1,1
2201,69,25,1,1,1
2202,69,26,1,1,1
2203,69,27,1,1,1
2204,69,28,1,1,1
2205,69,29,2,1.998628415,0.509602195
2206,69,30,1,1,1
2207,69,31,1,1,1
2208,69,32,1,1,1
2209,70,1,1,1,1
2210,70,2,3,1.538072083,0.839359504
2211,70,3,1,1,1
2212,70,4,1,1,1
2213,70,5,1,1,1
2214,70,6,1,1,1
2215,70,7,1,1,1
2216,70,8,2,1.497981095,0.810167658
2217,70,9,3,2.797062133,0.448571429
2218,70,10,1,1,1
2219,70,11,1,1,1
2220,70,12,1,1,1
2221,70,13,1,1,1
2222,70,14,2,1.796701742,0.665289256
2223,70,15,1,1,1
2224,70,16,1,1,1
2225,70,17,1,1,1
2226,70,18,1,1,1
2227,70,19,1,1,1
2228,70,20,1,1,1
2229,70,21,2,1.526090273,0.7975
2230,70,22,1,1,1
2231,70,23,1,1,1
2232,70,24,1,1,1
2233,70,25,1,1,1
2234,70,26,1,1,1
2235,70,27,1,1,1
2236,70,28,1,1,1
2237,70,29,1,1,1
2238,70,30,3,2.816121435,0.425170068
2239,70,31,1,1,1
2240,70,32,1,1,1
2241,71,1,1,1,1
2242,71,2,2,1.28262695,0.902376033
2243,71,3,1,1,1
2244,71,4,2,1.88260999,0.615694706
2245,71,5,1,1,1
2246,71,6,1,1,1
2247,71,7,1,1,1
2248,71,8,1,1,1
2249,71,9,1,1,1
2250,71,10,1,1,1
2251,71,11,1,1,1
2252,71,12,1,1,1
2253,71,13,1,1,1
2254,71,14,2,1.796701742,0.665289256
2255,71,15,1,1,1
2256,71,16,1,1,1
2257,71,17,1,1,1
2258,71,18,1,1,1
2259,71,19,1,1,1
2260,71,20,1,1,1
2261,71,21,2,1.526090273,0.7975
2262,71,22,1,1,1
2263,71,23,1,1,1
2264,71,24,1,1,1
2265,71,25,1,1,1
2266,71,26,1,1,1
2267,71,27,1,1,1
2268,71,28,1,1,1
2269,71,29,1,1,1
2270,71,30,1,1,1
2271,71,31,1,1,1
2272,71,32,1,1,1
2273,72,1,1,1,1
2274,72,2,5,3.186578766,0.518595041
2275,72,3,2,1.26338125,0.91015625
2276,72,4,1,1,1
2277,72,5,1,1,1
2278,72,6,1,1,1
2279,72,7,1,1,1
2280,72,8,2,1.432534349,0.839102217
2281,72,9,4,3.180706606,0.43877551
2282,72,10,1,1,1
2283,72,11,1,1,1
2284,72,12,1,1,1
2285,72,13,1,1,1
2286,72,14,2,1.796701742,0.665289256
2287,72,15,1,1,1
2288,72,16,4,3.823027282,0.327664399
2289,72,17,2,1.818968512,0.653061224
2290,72,18,1,1,1
2291,72,19,2,1.521175467,0.799725652
2292,72,20,3,2.506692069,0.47731569
2293,72,21,2,1.526090273,0.7975
2294,72,22,2,1.26338125,0.91015625
2295,72,23,1,1,1
2296,72,24,1,1,1
2297,72,25,1,1,1
2298,72,26,1,1,1
2299,72,27,1,1,1
2300,72,28,1,1,1
2301,72,29,1,1,1
2302,72,30,1,1,1
2303,72,31,1,1,1
2304,72,32,1,1,1
2305,73,1,1,1,1
2306,73,2,2,1.28262695,0.902376033
2307,73,3,1,1,1
2308,73,4,1,1,1
2309,73,5,1,1,1
2310,73,6,1,1,1
2311,73,7,1,1,1
2312,73,8,2,1.497981095,0.810167658
2313,73,9,4,3.995006958,0.253877551
2314,73,10,1,1,1
2315,73,11,1,1,1
2316,73,12,1,1,1
2317,73,13,1,1,1
2318,73,14,2,1.796701742,0.665289256
2319,73,15,1,1,1
2320,73,16,1,1,1
2321,73,17,1,1,1
2322,73,18,2,1.818968512,0.653061224
2323,73,19,1,1,1
2324,73,20,1,1,1
2325,73,21,2,1.649384888,0.74
2326,73,22,1,1,1
2327,73,23,1,1,1
2328,73,24,1,1,1
2329,73,25,1,1,1
2330,73,26,1,1,1
2331,73,27,1,1,1
2332,73,28,1,1,1
2333,73,29,1,1,1
2334,73,30,1,1,1
2335,73,31,1,1,1
2336,73,32,1,1,1
2337,74,1,1,1,1
2338,74,2,2,1.28262695,0.902376033
2339,74,3,1,1,1
2340,74,4,1,1,1
2341,74,5,1,1,1
2342,74,6,1,1,1
2343,74,7,1,1,1
2344,74,8,1,1,1
2345,74,9,1,1,1
2346,74,10,1,1,1
2347,74,11,1,1,1
2348,74,12,1,1,1
2349,74,13,1,1,1
2350,74,14,2,1.796701742,0.665289256
2351,74,15,1,1,1
2352,74,16,1,1,1
2353,74,17,2,1.627284557,0.750566893
2354,74,18,1,1,1
2355,74,19,2,1.521175467,0.799725652
2356,74,20,1,1,1
2357,74,21,2,1.526090273,0.7975
2358,74,22,1,1,1
2359,74,23,1,1,1
2360,74,24,1,1,1
2361,74,25,1,1,1
2362,74,26,1,1,1
2363,74,27,1,1,1
2364,74,28,1,1,1
2365,74,29,2,1.302195976,0.894375857
2366,74,30,1,1,1
2367,74,31,1,1,1
2368,74,32,1,1,1
2369,75,1,1,1,1
2370,75,2,2,1.28262695,0.902376033
2371,75,3,1,1,1
2372,75,4,1,1,1
2373,75,5,1,1,1
2374,75,6,1,1,1
2375,75,7,1,1,1
2376,75,8,1,1,1
2377,75,9,4,3.346680609,0.393877551
2378,75,10,1,1,1
2379,75,11,1,1,1
2380,75,12,1,1,1
2381,75,13,1,1,1
2382,75,14,2,1.796701742,0.665289256
2383,75,15,1,1,1
2384,75,16,3,2.979591582,0.359410431
2385,75,17,1,1,1
2386,75,18,1,1,1
2387,75,19,1,1,1
2388,75,20,1,1,1
2389,75,21,2,1.526090273,0.7975
2390,75,22,1,1,1
2391,75,23,1,1,1
2392,75,24,1,1,1
2393,75,25,1,1,1
2394,75,26,1,1,1
2395,75,27,1,1,1
2396,75,28,1,1,1
2397,75,29,1,1,1
2398,75,30,1,1,1
2399,75,31,1,1,1
2400,75,32,1,1,1
2401,76,1,1,1,1
2402,76,2,1,1,1
2403,76,3,1,1,1
2404,76,4,1,1,1
2405,76,5,1,1,1
2406,76,6,1,1,1
2407,76,7,1,1,1
2408,76,8,1,1,1
2409,76,9,1,1,1
2410,76,10,1,1,1
2411,76,11,1,1,1
2412,76,12,1,1,1
2413,76,13,1,1,1
2414,76,14,2,1.796701742,0.665289256
2415,76,15,1,1,1
2416,76,16,4,3.493711428,0.400226757
2417,76,17,1,1,1
2418,76,18,2,1.889881575,0.611111111
2419,76,19,1,1,1
2420,76,20,2,1.952924443,0.566162571
2421,76,21,2,1.526090273,0.7975
2422,76,22,2,1.26338125,0.91015625
2423,76,23,1,1,1
2424,76,24,1,1,1
2425,76,25,1,1,1
2426,76,26,1,1,1
2427,76,27,1,1,1
2428,76,28,1,1,1
2429,76,29,3,2.472213884,0.458161866
2430,76,30,1,1,1
2431,76,31,1,1,1
2432,76,32,1,1,1
2433,77,1,1,1,1
2434,77,2,2,1.28262695,0.902376033
2435,77,3,1,1,1
2436,77,4,1,1,1
2437,77,5,1,1,1
2438,77,6,1,1,1
2439,77,7,1,1,1
2440,77,8,2,1.432534349,0.839102217
2441,77,9,1,1,1
2442,77,10,1,1,1
2443,77,11,1,1,1
2444,77,12,1,1,1
2445,77,13,1,1,1
2446,77,14,2,1.796701742,0.665289256
2447,77,15,1,1,1
2448,77,16,3,2.979591582,0.359410431
2449,77,17,1,1,1
2450,77,18,1,1,1
2451,77,19,2,1.698433234,0.716049383
2452,77,20,1,1,1
2453,77,21,1,1,1
2454,77,22,1,1,1
2455,77,23,1,1,1
2456,77,24,1,1,1
2457,77,25,1,1,1
2458,77,26,1,1,1
2459,77,27,1,1,1
2460,77,28,1,1,1
2461,77,29,1,1,1
2462,77,30,1,1,1
2463,77,31,2,1.70908799,0.710743802
2464,77,32,1,1,1
2465,78,1,1,1,1
2466,78,2,2,1.28262695,0.902376033
2467,78,3,1,1,1
2468,78,4,1,1,1
2469,78,5,1,1,1
2470,78,6,1,1,1
2471,78,7,1,1,1
2472,78,8,1,1,1
2473,78,9,1,1,1
2474,78,10,1,1,1
2475,78,11,1,1,1
2476,78,12,1,1,1
2477,78,13,1,1,1
2478,78,14,2,1.796701742,0.665289256
2479,78,15,1,1,1
2480,78,16,1,1,1
2481,78,17,1,1,1
2482,78,18,3,2.407891217,0.546485261
2483,78,19,3,1.685684715,0.794238683
2484,78,20,1,1,1
2485,78,21,1,1,1
2486,78,22,1,1,1
2487,78,23,1,1,1
2488,78,24,1,1,1
2489,78,25,1,1,1
2490,78,26,1,1,1
2491,78,27,1,1,1
2492,78,28,1,1,1
2493,78,29,1,1,1
2494,78,30,1,1,1
2495,78,31,1,1,1
2496,78,32,1,1,1
2497,79,1,2,1.219590618,0.9275
2498,79,2,2,1.28262695,0.902376033
2499,79,3,1,1,1
2500,79,4,1,1,1
2501,79,5,1,1,1
2502,79,6,1,1,1
2503,79,7,1,1,1
2504,79,8,1,1,1
2505,79,9,4,3.180706606,0.43877551
2506,79,10,1,1,1
2507,79,11,1,1,1
2508,79,12,1,1,1
2509,79,13,1,1,1
2510,79,14,2,1.796701742,0.665289256
2511,79,15,1,1,1
2512,79,16,1,1,1
2513,79,17,1,1,1
2514,79,18,1,1,1
2515,79,19,1,1,1
2516,79,20,1,1,1
2517,79,21,1,1,1
2518,79,22,1,1,1
2519,79,23,1,1,1
2520,79,24,1,1,1
2521,79,25,1,1,1
2522,79,26,1,1,1
2523,79,27,1,1,1
2524,79,28,1,1,1
2525,79,29,1,1,1
2526,79,30,1,1,1
2527,79,31,1,1,1
2528,79,32,1,1,1
2529,80,1,1,1,1
2530,80,2,2,1.28262695,0.902376033
2531,80,3,1,1,1
2532,80,4,1,1,1
2533,80,5,1,1,1
2534,80,6,1,1,1
2535,80,7,1,1,1
2536,80,8,2,1.497981095,0.810167658
2537,80,9,4,3.982318364,0.268979592
2538,80,10,1,1,1
2539,80,11,1,1,1
2540,80,12,1,1,1
2541,80,13,1,1,1
2542,80,14,2,1.796701742,0.665289256
2543,80,15,1,1,1
2544,80,16,1,1,1
2545,80,17,1,1,1
2546,80,18,1,1,1
2547,80,19,1,1,1
2548,80,20,1,1,1
2549,80,21,1,1,1
2550,80,22,1,1,1
2551,80,23,1,1,1
2552,80,24,1,1,1
2553,80,25,1,1,1
2554,80,26,1,1,1
2555,80,27,1,1,1
2556,80,28,1,1,1
2557,80,29,2,1.987666975,0.530864198
2558,80,30,1,1,1
2559,80,31,1,1,1
2560,80,32,1,1,1
2561,81,1,1,1,1
2562,81,2,2,1.28262695,0.902376033
2563,81,3,1,1,1
2564,81,4,1,1,1
2565,81,5,1,1,1
2566,81,6,1,1,1
2567,81,7,1,1,1
2568,81,8,2,1.497981095,0.810167658
2569,81,9,3,2.725782913,0.471836735
2570,81,10,1,1,1
2571,81,11,1,1,1
2572,81,12,1,1,1
2573,81,13,1,1,1
2574,81,14,2,1.796701742,0.665289256
2575,81,15,1,1,1
2576,81,16,1,1,1
2577,81,17,3,2.217347452,0.632653061
2578,81,18,1,1,1
2579,81,19,3,2.254820494,0.621399177
2580,81,20,1,1,1
2581,81,21,1,1,1
2582,81,22,1,1,1
2583,81,23,1,1,1
2584,81,24,1,1,1
2585,81,25,1,1,1
2586,81,26,1,1,1
2587,81,27,1,1,1
2588,81,28,1,1,1
2589,81,29,1,1,1
2590,81,30,1,1,1
2591,81,31,1,1,1
2592,81,32,1,1,1
2593,82,1,1,1,1
2594,82,2,1,1,1
2595,82,3,1,1,1
2596,82,4,1,1,1
2597,82,5,1,1,1
2598,82,6,1,1,1
2599,82,7,1,1,1
2600,82,8,1,1,1
2601,82,9,3,2.797062133,0.448571429
2602,82,10,1,1,1
2603,82,11,1,1,1
2604,82,12,1,1,1
2605,82,13,1,1,1
2606,82,14,2,1.926070224,0.58677686
2607,82,15,1,1,1
2608,82,16,1,1,1
2609,82,17,1,1,1
2610,82,18,1,1,1
2611,82,19,2,1.521175467,0.799725652
2612,82,20,1,1,1
2613,82,21,2,1.649384888,0.74
2614,82,22,1,1,1
2615,82,23,1,1,1
2616,82,24,1,1,1
2617,82,25,1,1,1
2618,82,26,1,1,1
2619,82,27,1,1,1
2620,82,28,1,1,1
2621,82,29,1,1,1
2622,82,30,1,1,1
2623,82,31,1,1,1
2624,82,32,1,1,1
2625,83,1,1,1,1
2626,83,2,2,1.28262695,0.902376033
2627,83,3,1,1,1
2628,83,4,1,1,1
2629,83,5,1,1,1
2630,83,6,1,1,1
2631,83,7,1,1,1
2632,83,8,2,1.432534349,0.839102217
2633,83,9,3,2.026392941,0.668979592
2634,83,10,1,1,1
2635,83,11,1,1,1
2636,83,12,1,1,1
2637,83,13,1,1,1
2638,83,14,2,1.796701742,0.665289256
2639,83,15,1,1,1
2640,83,16,2,1.369563672,0.866213152
2641,83,17,1,1,1
2642,83,18,1,1,1
2643,83,19,1,1,1
2644,83,20,1,1,1
2645,83,21,1,1,1
2646,83,22,1,1,1
2647,83,23,1,1,1
2648,83,24,1,1,1
2649,83,25,1,1,1
2650,83,26,1,1,1
2651,83,27,1,1,1
2652,83,28,1,1,1
2653,83,29,1,1,1
2654,83,30,1,1,1
2655,83,31,1,1,1
2656,83,32,1,1,1
2657,84,1,2,1.219590618,0.9275
2658,84,2,2,1.28262695,0.902376033
2659,84,3,1,1,1
2660,84,4,1,1,1
2661,84,5,1,1,1
2662,84,6,1,1,1
2663,84,7,1,1,1
2664,84,8,1,1,1
2665,84,9,2,1.999183729,0.507346939
2666,84,10,1,1,1
2667,84,11,1,1,1
2668,84,12,1,1,1
2669,84,13,1,1,1
2670,84,14,2,1.796701742,0.665289256
2671,84,15,1,1,1
2672,84,16,5,4.013184929,0.358276644
2673,84,17,2,1.627284557,0.750566893
2674,84,18,1,1,1
2675,84,19,3,2.254820494,0.621399177
2676,84,20,1,1,1
2677,84,21,3,2.426535393,0.5675
2678,84,22,1,1,1
2679,84,23,1,1,1
2680,84,24,1,1,1
2681,84,25,1,1,1
2682,84,26,1,1,1
2683,84,27,1,1,1
2684,84,28,1,1,1
2685,84,29,2,1.302195976,0.894375857
2686,84,30,1,1,1
2687,84,31,1,1,1
2688,84,32,1,1,1
2689,85,1,1,1,1
2690,85,2,1,1,1
2691,85,3,1,1,1
2692,85,4,1,1,1
2693,85,5,1,1,1
2694,85,6,1,1,1
2695,85,7,1,1,1
2696,85,8,1,1,1
2697,85,9,1,1,1
2698,85,10,1,1,1
2699,85,11,1,1,1
2700,85,12,1,1,1
2701,85,13,1,1,1
2702,85,14,2,1.796701742,0.665289256
2703,85,15,1,1,1
2704,85,16,1,1,1
2705,85,17,1,1,1
2706,85,18,1,1,1
2707,85,19,2,1.302195976,0.894375857
2708,85,20,1,1,1
2709,85,21,1,1,1
2710,85,22,1,1,1
2711,85,23,1,1,1
2712,85,24,1,1,1
2713,85,25,1,1,1
2714,85,26,1,1,1
2715,85,27,1,1,1
2716,85,28,1,1,1
2717,85,29,1,1,1
2718,85,30,1,1,1
2719,85,31,1,1,1
2720,85,32,1,1,1
2721,86,1,1,1,1
2722,86,2,2,1.28262695,0.902376033
2723,86,3,1,1,1
2724,86,4,1,1,1
2725,86,5,1,1,1
2726,86,6,1,1,1
2727,86,7,1,1,1
2728,86,8,2,1.36271262,0.869118442
2729,86,9,2,1.711798227,0.709387755
2730,86,10,1,1,1
2731,86,11,1,1,1
2732,86,12,1,1,1
2733,86,13,1,1,1
2734,86,14,2,1.926070224,0.58677686
2735,86,15,1,1,1
2736,86,16,2,1.506993066,0.806122449
2737,86,17,1,1,1
2738,86,18,1,1,1
2739,86,19,1,1,1
2740,86,20,1,1,1
2741,86,21,2,1.526090273,0.7975
2742,86,22,1,1,1
2743,86,23,1,1,1
2744,86,24,1,1,1
2745,86,25,1,1,1
2746,86,26,1,1,1
2747,86,27,1,1,1
2748,86,28,1,1,1
2749,86,29,1,1,1
2750,86,30,1,1,1
2751,86,31,1,1,1
2752,86,32,1,1,1
2753,87,1,1,1,1
2754,87,2,2,1.28262695,0.902376033
2755,87,3,1,1,1
2756,87,4,1,1,1
2757,87,5,1,1,1
2758,87,6,1,1,1
2759,87,7,1,1,1
2760,87,8,1,1,1
2761,87,9,3,2.797062133,0.448571429
2762,87,10,1,1,1
2763,87,11,1,1,1
2764,87,12,1,1,1
2765,87,13,1,1,1
2766,87,14,2,1.796701742,0.665289256
2767,87,15,1,1,1
2768,87,16,2,1.506993066,0.806122449
2769,87,17,1,1,1
2770,87,18,1,1,1
2771,87,19,1,1,1
2772,87,20,1,1,1
2773,87,21,2,1.526090273,0.7975
2774,87,22,1,1,1
2775,87,23,1,1,1
2776,87,24,1,1,1
2777,87,25,1,1,1
2778,87,26,1,1,1
2779,87,27,1,1,1
2780,87,28,1,1,1
2781,87,29,1,1,1
2782,87,30,2,1.997732855,0.512471655
2783,87,31,1,1,1
2784,87,32,1,1,1
2785,88,1,1,1,1
2786,88,2,1,1,1
2787,88,3,1,1,1
2788,88,4,1,1,1
2789,88,5,1,1,1
2790,88,6,1,1,1
2791,88,7,1,1,1
2792,88,8,2,1.432534349,0.839102217
2793,88,9,4,3.995006958,0.253877551
2794,88,10,1,1,1
2795,88,11,1,1,1
2796,88,12,1,1,1
2797,88,13,1,1,1
2798,88,14,2,1.796701742,0.665289256
2799,88,15,1,1,1
2800,88,16,1,1,1
2801,88,17,1,1,1
2802,88,18,2,1.818968512,0.653061224
2803,88,19,1,1,1
2804,88,20,1,1,1
2805,88,21,2,1.754765351,0.6875
2806,88,22,1,1,1
2807,88,23,1,1,1
2808,88,24,1,1,1
2809,88,25,1,1,1
2810,88,26,1,1,1
2811,88,27,1,1,1
2812,88,28,1,1,1
2813,88,29,1,1,1
2814,88,30,1,1,1
2815,88,31,1,1,1
2816,88,32,1,1,1
2817,89,1,1,1,1
2818,89,2,3,1.538072083,0.839359504
2819,89,3,1,1,1
2820,89,4,1,1,1
2821,89,5,1,1,1
2822,89,6,1,1,1
2823,89,7,1,1,1
2824,89,8,2,1.432534349,0.839102217
2825,89,9,2,1.711798227,0.709387755
2826,89,10,1,1,1
2827,89,11,1,1,1
2828,89,12,1,1,1
2829,89,13,1,1,1
2830,89,14,2,1.796701742,0.665289256
2831,89,15,1,1,1
2832,89,16,2,1.506993066,0.806122449
2833,89,17,1,1,1
2834,89,18,1,1,1
2835,89,19,1,1,1
2836,89,20,1,1,1
2837,89,21,1,1,1
2838,89,22,1,1,1
2839,89,23,1,1,1
2840,89,24,1,1,1
2841,89,25,1,1,1
2842,89,26,1,1,1
2843,89,27,1,1,1
2844,89,28,1,1,1
2845,89,29,2,1.998628415,0.509602195
2846,89,30,1,1,1
2847,89,31,1,1,1
2848,89,32,1,1,1
2849,90,1,1,1,1
2850,90,2,2,1.28262695,0.902376033
2851,90,3,1,1,1
2852,90,4,1,1,1
2853,90,5,1,1,1
2854,90,6,1,1,1
2855,90,7,1,1,1
2856,90,8,2,1.432534349,0.839102217
2857,90,9,2,1.999183729,0.507346939
2858,90,10,1,1,1
2859,90,11,1,1,1
2860,90,12,1,1,1
2861,90,13,1,1,1
2862,90,14,2,1.796701742,0.665289256
2863,90,15,1,1,1
2864,90,16,1,1,1
2865,90,17,1,1,1
2866,90,18,1,1,1
2867,90,19,1,1,1
2868,90,20,1,1,1
2869,90,21,2,1.526090273,0.7975
2870,90,22,1,1,1
2871,90,23,1,1,1
2872,90,24,1,1,1
2873,90,25,1,1,1
2874,90,26,1,1,1
2875,90,27,1,1,1
2876,90,28,1,1,1
2877,90,29,1,1,1
2878,90,30,1,1,1
2879,90,31,2,2,0.5
2880,90,32,1,1,1
2881,91,1,1,1,1
2882,91,2,3,1.963625845,0.699896694
2883,91,3,1,1,1
2884,91,4,1,1,1
2885,91,5,1,1,1
2886,91,6,1,1,1
2887,91,7,1,1,1
2888,91,8,1,1,1
2889,91,9,1,1,1
2890,91,10,1,1,1
2891,91,11,1,1,1
2892,91,12,1,1,1
2893,91,13,1,1,1
2894,91,14,1,1,1
2895,91,15,1,1,1
2896,91,16,2,1.506993066,0.806122449
2897,91,17,1,1,1
2898,91,18,1,1,1
2899,91,19,2,1.521175467,0.799725652
2900,91,20,1,1,1
2901,91,21,1,1,1
2902,91,22,1,1,1
2903,91,23,1,1,1
2904,91,24,1,1,1
2905,91,25,1,1,1
2906,91,26,1,1,1
2907,91,27,1,1,1
2908,91,28,1,1,1
2909,91,29,1,1,1
2910,91,30,1,1,1
2911,91,31,2,2,0.5
2912,91,32,1,1,1
2913,92,1,1,1,1
2914,92,2,2,1.28262695,0.902376033
2915,92,3,1,1,1
2916,92,4,1,1,1
2917,92,5,1,1,1
2918,92,6,1,1,1
2919,92,7,1,1,1
2920,92,8,2,1.432534349,0.839102217
2921,92,9,4,3.995006958,0.253877551
2922,92,10,1,1,1
2923,92,11,1,1,1
2924,92,12,1,1,1
2925,92,13,1,1,1
2926,92,14,2,1.796701742,0.665289256
2927,92,15,1,1,1
2928,92,16,2,1.506993066,0.806122449
2929,92,17,2,1.506993066,0.806122449
2930,92,18,1,1,1
2931,92,19,3,1.956493405,0.705075446
2932,92,20,1,1,1
2933,92,21,1,1,1
2934,92,22,1,1,1
2935,92,23,1,1,1
2936,92,24,1,1,1
2937,92,25,1,1,1
2938,92,26,1,1,1
2939,92,27,1,1,1
2940,92,28,1,1,1
2941,92,29,2,1.987666975,0.530864198
2942,92,30,1,1,1
2943,92,31,2,1.991741215,0.524793388
2944,92,32,1,1,1
2945,93,1,1,1,1
2946,93,2,2,1.28262695,0.902376033
2947,93,3,1,1,1
2948,93,4,1,1,1
2949,93,5,1,1,1
2950,93,6,1,1,1
2951,93,7,1,1,1
2952,93,8,1,1,1
2953,93,9,1,1,1
2954,93,10,1,1,1
2955,93,11,1,1,1
2956,93,12,1,1,1
2957,93,13,1,1,1
2958,93,14,1,1,1
2959,93,15,1,1,1
2960,93,16,1,1,1
2961,93,17,2,1.627284557,0.750566893
2962,93,18,1,1,1
2963,93,19,2,1.521175467,0.799725652
2964,93,20,1,1,1
2965,93,21,2,1.526090273,0.7975
2966,93,22,1,1,1
2967,93,23,1,1,1
2968,93,24,1,1,1
2969,93,25,1,1,1
2970,93,26,1,1,1
2971,93,27,1,1,1
2972,93,28,1,1,1
2973,93,29,2,1.998628415,0.509602195
2974,93,30,2,1.97962633,0.540816327
2975,93,31,1,1,1
2976,93,32,1,1,1
2977,94,1,1,1,1
2978,94,2,2,1.28262695,0.902376033
2979,94,3,1,1,1
2980,94,4,1,1,1
2981,94,5,1,1,1
2982,94,6,1,1,1
2983,94,7,1,1,1
2984,94,8,1,1,1
2985,94,9,2,1.711798227,0.709387755
2986,94,10,1,1,1
2987,94,11,1,1,1
2988,94,12,1,1,1
2989,94,13,1,1,1
2990,94,14,1,1,1
2991,94,15,1,1,1
2992,94,16,2,1.369563672,0.866213152
2993,94,17,3,2.181757576,0.634920635
2994,94,18,1,1,1
2995,94,19,2,1.614726551,0.756515775
2996,94,20,1,1,1
2997,94,21,2,1.526090273,0.7975
2998,94,22,2,1.26338125,0.91015625
2999,94,23,1,1,1
3000,94,24,1,1,1
3001,94,25,1,1,1
3002,94,26,1,1,1
3003,94,27,1,1,1
3004,94,28,1,1,1
3005,94,29,1,1,1
3006,94,30,1,1,1
3007,94,31,1,1,1
3008,94,32,1,1,1
3009,95,1,1,1,1
3010,95,2,2,1.28262695,0.902376033
3011,95,3,1,1,1
3012,95,4,1,1,1
3013,95,5,1,1,1
3014,95,6,1,1,1
3015,95,7,1,1,1
3016,95,8,2,1.432534349,0.839102217
3017,95,9,3,2.026392941,0.668979592
3018,95,10,1,1,1
3019,95,11,1,1,1
3020,95,12,1,1,1
3021,95,13,1,1,1
3022,95,14,1,1,1
3023,95,15,1,1,1
3024,95,16,5,4.198557124,0.297052154
3025,95,17,2,1.627284557,0.750566893
3026,95,18,3,2.484136333,0.509070295
3027,95,19,2,1.521175467,0.799725652
3028,95,20,1,1,1
3029,95,21,1,1,1
3030,95,22,1,1,1
3031,95,23,1,1,1
3032,95,24,1,1,1
3033,95,25,1,1,1
3034,95,26,1,1,1
3035,95,27,1,1,1
3036,95,28,1,1,1
3037,95,29,1,1,1
3038,95,30,1,1,1
3039,95,31,1,1,1
3040,95,32,1,1,1
3041,96,1,1,1,1
3042,96,2,2,1.28262695,0.902376033
3043,96,3,1,1,1
3044,96,4,1,1,1
3045,96,5,1,1,1
3046,96,6,1,1,1
3047,96,7,1,1,1
3048,96,8,1,1,1
3049,96,9,1,1,1
3050,96,10,1,1,1
3051,96,11,1,1,1
3052,96,12,1,1,1
3053,96,13,1,1,1
3054,96,14,2,1.796701742,0.665289256
3055,96,15,1,1,1
3056,96,16,1,1,1
3057,96,17,2,1.627284557,0.750566893
3058,96,18,1,1,1
3059,96,19,2,1.521175467,0.799725652
3060,96,20,1,1,1
3061,96,21,1,1,1
3062,96,22,1,1,1
3063,96,23,1,1,1
3064,96,24,1,1,1
3065,96,25,1,1,1
3066,96,26,1,1,1
3067,96,27,1,1,1
3068,96,28,1,1,1
3069,96,29,1,1,1
3070,96,30,1,1,1
3071,96,31,1,1,1
3072,96,32,1,1,1
3073,97,1,1,1,1
3074,97,2,2,1.28262695,0.902376033
3075,97,3,1,1,1
3076,97,4,1,1,1
3077,97,5,1,1,1
3078,97,6,1,1,1
3079,97,7,1,1,1
3080,97,8,1,1,1
3081,97,9,3,2.797062133,0.448571429
3082,97,10,1,1,1
3083,97,11,1,1,1
3084,97,12,1,1,1
3085,97,13,1,1,1
3086,97,14,1,1,1
3087,97,15,1,1,1
3088,97,16,5,4.136877219,0.325396825
3089,97,17,1,1,1
3090,97,18,2,1.818968512,0.653061224
3091,97,19,1,1,1
3092,97,20,1,1,1
3093,97,21,2,1.526090273,0.7975
3094,97,22,1,1,1
3095,97,23,1,1,1
3096,97,24,1,1,1
3097,97,25,1,1,1
3098,97,26,1,1,1
3099,97,27,1,1,1
3100,97,28,1,1,1
3101,97,29,1,1,1
3102,97,30,1,1,1
3103,97,31,1,1,1
3104,97,32,1,1,1
3105,98,1,1,1,1
3106,98,2,5,3.186578766,0.518595041
3107,98,3,1,1,1
3108,98,4,1,1,1
3109,98,5,1,1,1
3110,98,6,1,1,1
3111,98,7,1,1,1
3112,98,8,2,1.432534349,0.839102217
3113,98,9,2,1.768350463,0.680408163
3114,98,10,1,1,1
3115,98,11,1,1,1
3116,98,12,1,1,1
3117,98,13,1,1,1
3118,98,14,2,1.796701742,0.665289256
3119,98,15,1,1,1
3120,98,16,1,1,1
3121,98,17,1,1,1
3122,98,18,1,1,1
3123,98,19,2,1.302195976,0.894375857
3124,98,20,3,2.464977178,0.506616257
3125,98,21,2,1.526090273,0.7975
3126,98,22,1,1,1
3127,98,23,1,1,1
3128,98,24,1,1,1
3129,98,25,1,1,1
3130,98,26,1,1,1
3131,98,27,1,1,1
3132,98,28,1,1,1
3133,98,29,1,1,1
3134,98,30,1,1,1
3135,98,31,1,1,1
3136,98,32,1,1,1
3137,99,1,2,1.219590618,0.9275
3138,99,2,2,1.28262695,0.902376033
3139,99,3,1,1,1
3140,99,4,1,1,1
3141,99,5,1,1,1
3142,99,6,1,1,1
3143,99,7,1,1,1
3144,99,8,2,1.497981095,0.810167658
3145,99,9,4,3.995006958,0.253877551
3146,99,10,1,1,1
3147,99,11,1,1,1
3148,99,12,1,1,1
3149,99,13,1,1,1
3150,99,14,2,1.796701742,0.665289256
3151,99,15,1,1,1
3152,99,16,1,1,1
3153,99,17,1,1,1
3154,99,18,1,1,1
3155,99,19,2,1.521175467,0.799725652
3156,99,20,1,1,1
3157,99,21,1,1,1
3158,99,22,1,1,1
3159,99,23,1,1,1
3160,99,24,1,1,1
3161,99,25,1,1,1
3162,99,26,1,1,1
3163,99,27,1,1,1
3164,99,28,1,1,1
3165,99,29,1,1,1
3166,99,30,1,1,1
3167,99,31,1,1,1
3168,99,32,1,1,1
3169,100,1,2,1.219590618,0.9275
3170,100,2,2,1.28262695,0.902376033
3171,100,3,1,1,1
3172,100,4,1,1,1
3173,100,5,1,1,1
3174,100,6,1,1,1
3175,100,7,1,1,1
3176,100,8,2,1.497981095,0.810167658
3177,100,9,3,2.797062133,0.448571429
3178,100,10,1,1,1
3179,100,11,1,1,1
3180,100,12,1,1,1
3181,100,13,1,1,1
3182,100,14,1,1,1
3183,100,15,1,1,1
3184,100,16,4,3.388942792,0.348072562
3185,100,17,2,1.506993066,0.806122449
3186,100,18,1,1,1
3187,100,19,2,1.521175467,0.799725652
3188,100,20,1,1,1
3189,100,21,2,1.526090273,0.7975
3190,100,22,1,1,1
3191,100,23,1,1,1
3192,100,24,1,1,1
3193,100,25,1,1,1
3194,100,26,1,1,1
3195,100,27,1,1,1
3196,100,28,1,1,1
3197,100,29,1,1,1
3198,100,30,1,1,1
3199,100,31,1,1,1
3200,100,32,1,1,1
